Model Year,Brand Name,Model Name,Engine capacity,Spare key,Transmission,KM driven,Ownership,Fuel type,Imperfections,Repainted Parts
2017,Maruti,Swift VXI,1197,No,Manual,25847,2,Petrol,6,2
2016,Maruti,Baleno DELTA PETROL 1.2,1197,Yes,Manual,55511,2,Petrol,12,1
2020,Maruti,Swift VXI,1197,No,Manual,47110,1,Petrol,4,2
2022,Maruti,Ertiga VXI AT SHVS,1462,Yes,Automatic,35378,1,Petrol,2,3
2019,Maruti,Dzire VXI,1197,Yes,Manual,91856,1,Petrol,3,2
2014,Maruti,Alto 800 LXI,796,No,Manual,43780,1,Petrol,10,2
2020,Maruti,Swift VXI,1197,Yes,Manual,49583,1,Petrol,1,0
2018,Maruti,Dzire VXI AMT,1197,No,Automatic,86837,2,Petrol,4,6
2016,Maruti,Swift Dzire VXI,1197,Yes,Manual,58570,2,Petrol,10,3
2019,Maruti,S PRESSO VXI,998,Yes,Manual,50645,1,Petrol,0,0
2016,Maruti,Swift ZXI,1197,Yes,Manual,77053,1,Petrol,4,4
2023,Maruti,Alto K10 VXI PLUS AMT,998,No,Automatic,8023,1,Petrol,1,1
2022,Maruti,Alto LXI O,796,No,Manual,18317,1,Petrol,1,0
2019,Maruti,Baleno DELTA PETROL 1.2,1197,Yes,Manual,73984,1,Petrol,2,5
2014,Maruti,Swift Dzire VXI,1197,Yes,Manual,65612,1,Petrol,7,2
2017,Maruti,Swift VXI O,1197,Yes,Manual,81391,1,Petrol,3,1
2021,Maruti,Celerio ZXI PLUS AGS,998,Yes,Automatic,3760,2,Petrol,1,0
2017,Maruti,Dzire ZXI PLUS AMT,1197,Yes,Automatic,72891,2,Petrol,3,7
2023,Maruti,Celerio ZXI,998,Yes,Manual,10006,1,Petrol,0,0
2014,Maruti,Alto 800 LXI,796,Yes,Manual,57290,1,Petrol,0,0
2018,Maruti,IGNIS ALPHA 1.2,1197,Yes,Manual,35090,1,Petrol,4,2
2021,Maruti,S PRESSO VXI+,998,Yes,Manual,45232,1,Petrol,0,0
2018,Maruti,Celerio VXI (O),998,No,Manual,37192,2,Petrol,5,3
2023,Maruti,Alto K10 VXI PLUS AMT,998,Yes,Automatic,15262,1,Petrol,1,0
2020,Maruti,Alto VXI,796,No,Manual,32285,1,Petrol,6,3
2018,Maruti,Baleno ZETA PETROL 1.2,1197,Yes,Manual,60017,1,Petrol,3,3
2014,Maruti,Wagon R Stingray VXI,998,Yes,Manual,76934,2,Petrol,14,4
2022,Maruti,Ciaz DELTA 1.5 SHVS MT PETROL,1462,Yes,Manual,16453,1,Petrol,0,0
2017,Maruti,Celerio ZXI AMT,998,Yes,Automatic,72304,1,Petrol,0,0
2017,Maruti,Celerio ZXI (O),998,No,Manual,76079,1,Petrol,16,1
2023,Maruti,Alto VXI PLUS,796,No,Manual,29652,1,Petrol,2,2
2019,Maruti,Celerio ZXI,998,No,Manual,99910,2,Petrol,2,4
2018,Maruti,Baleno ZETA CVT PETROL 1.2,1197,Yes,Automatic,62129,1,Petrol,3,2
2018,Maruti,Celerio X ZXI AMT,998,Yes,Automatic,14268,1,Petrol,7,2
2018,Maruti,Swift VDI,1248,No,Manual,72273,2,Diesel,0,0
2017,Maruti,IGNIS ZETA 1.2,1197,Yes,Manual,52488,1,Petrol,1,3
2019,Maruti,Baleno ZETA CVT PETROL 1.2,1197,Yes,Automatic,86198,1,Petrol,20,7
2016,Maruti,Swift Dzire VXI,1197,Yes,Manual,107226,3,Petrol,0,0
2012,Maruti,Wagon R 1.0 LXI,998,Yes,Manual,61391,2,Petrol,3,8
2018,Maruti,Swift ZXI AMT,1197,Yes,Automatic,106179,2,Petrol,20,4
2017,Maruti,Vitara Brezza ZDI,1248,Yes,Manual,111621,2,Diesel,14,5
2018,Maruti,Swift VXI,1197,No,Manual,74858,1,Petrol,0,0
2021,Maruti,Dzire VXI,1197,Yes,Manual,60706,1,Petrol,3,0
2017,Maruti,Swift VXI,1197,No,Manual,69042,2,Petrol,22,8
2011,Maruti,Alto K10 VXI,998,Yes,Manual,34213,1,Petrol,11,3
2015,Maruti,Swift Dzire VDI ABS,1248,Yes,Manual,89450,2,Diesel,5,4
2017,Maruti,Dzire VDI AMT,1248,Yes,Automatic,77742,1,Diesel,0,0
2021,Maruti,Dzire VXI,1197,Yes,Manual,45407,1,Petrol,11,8
2014,Maruti,Swift Dzire ZDI,1248,Yes,Manual,98752,1,Diesel,6,1
2015,Maruti,Swift VDI ABS,1248,No,Manual,90513,1,Diesel,0,0
2015,Maruti,Alto 800 LXI,796,No,Manual,110664,2,Petrol,14,13
2018,Maruti,Dzire VXI AMT,1197,No,Automatic,68760,1,Petrol,11,4
2023,Maruti,BREZZA ZXI SMART HYBRID,1462,Yes,Manual,22737,1,Petrol,0,0
2020,Maruti,Dzire VXI AMT,1248,Yes,Automatic,41774,1,Petrol,0,0
2022,Maruti,BREZZA ZXI SMART HYBRID,1462,No,Manual,66111,1,Petrol,0,0
2023,Maruti,BREZZA ZXI SMART HYBRID,1462,No,Manual,12590,1,Petrol,0,0
2021,Maruti,Dzire ZXI,1197,Yes,Manual,39505,1,Petrol,1,1
2013,Maruti,Swift ZDI,1248,Yes,Manual,102255,1,Diesel,14,1
2020,Maruti,Baleno DELTA PETROL 1.2,1197,Yes,Manual,61979,1,Petrol,1,7
2017,Maruti,Wagon R 1.0 VXI+ (O) MT,998,No,Manual,92836,1,Petrol,6,5
2018,Maruti,Swift ZXI AMT,1197,Yes,Automatic,76836,1,Petrol,7,12
2023,Maruti,Dzire ZXI AMT,1197,Yes,Automatic,10289,1,Petrol,1,0
2016,Maruti,Swift Dzire VXI (O),1197,Yes,Manual,34781,1,Petrol,11,14
2017,Maruti,Swift VXI,1197,Yes,Manual,63852,1,Petrol,4,1
2021,Maruti,Swift ZXI,1197,No,Manual,62062,1,Petrol,1,0
2014,Maruti,Swift VXI,1197,Yes,Manual,54507,1,Petrol,0,0
2011,Maruti,Alto K10 VXI,998,No,Manual,50057,1,Petrol,26,7
2017,Maruti,Dzire VDI AMT,1248,Yes,Automatic,95453,1,Diesel,2,3
2022,Maruti,XL6 ZETA AT,1462,No,Automatic,41145,1,Petrol,2,1
2017,Maruti,Vitara Brezza VDI (O),1248,Yes,Manual,45146,1,Diesel,2,4
2016,Maruti,Swift Dzire ZXI,1197,Yes,Manual,38023,1,Petrol,10,1
2013,Maruti,Swift Dzire VXI REGAL EDITION,1197,Yes,Manual,52178,2,Petrol,0,0
2021,Maruti,S PRESSO VXI+,998,Yes,Manual,18842,2,Petrol,9,0
2023,Maruti,BREZZA ZXI SMART HYBRID,1462,Yes,Manual,18693,1,Petrol,1,1
2018,Maruti,Wagon R 1.0 VXI,998,Yes,Manual,92102,1,Petrol,4,1
2022,Maruti,Celerio VXI CNG,998,Yes,Manual,48731,1,CNG,3,0
2013,Maruti,Alto 800 LXI,796,No,Manual,56113,2,Petrol,15,9
2020,Maruti,Dzire ZXI PLUS AMT,1197,Yes,Automatic,32142,1,Petrol,8,4
2022,Maruti,BREZZA ZXI SMART HYBRID,1462,Yes,Manual,23690,1,Petrol,0,0
2016,Maruti,Celerio VXI AMT,998,No,Automatic,32899,2,Petrol,25,8
2018,Maruti,Baleno ALPHA CVT PETROL 1.2,1197,Yes,Automatic,43363,1,Petrol,12,4
2019,Maruti,Alto K10 VXI,998,No,Manual,47066,2,Petrol,7,3
2019,Maruti,Ciaz DELTA AT 1.5 SHVS PETROL,1462,No,Automatic,55281,1,Petrol,3,4
2022,Maruti,Baleno ALPHA PETROL 1.2,1197,No,Manual,31283,1,Petrol,10,4
2014,Maruti,Swift ZXI,1197,Yes,Manual,48194,1,Petrol,10,5
2016,Maruti,Swift VDI,1248,Yes,Manual,61992,1,Diesel,8,0
2020,Maruti,Ciaz DELTA 1.5 SHVS MT PETROL,1462,No,Manual,50172,1,Petrol,7,4
2020,Maruti,IGNIS DELTA 1.2,1197,No,Manual,77633,1,Petrol,8,1
2019,Maruti,Baleno ZETA PETROL 1.2,1197,Yes,Manual,31968,1,Petrol,2,1
2016,Maruti,Alto K10 VXI AMT,998,No,Automatic,85292,1,Petrol,5,9
2019,Maruti,Alto LXI,796,Yes,Manual,31475,1,Petrol,10,1
2017,Maruti,Alto 800 VXI O,796,No,Manual,92881,1,Petrol,0,0
2022,Maruti,Baleno ZETA PETROL 1.2,1197,No,Manual,33086,1,Petrol,0,0
2014,Maruti,Alto 800 LXI,796,No,Manual,92533,2,Petrol,0,0
2021,Maruti,Dzire VXI AMT,1197,Yes,Automatic,49950,1,Petrol,3,4
2017,Maruti,IGNIS DELTA 1.2,1197,Yes,Manual,85064,1,Petrol,13,1
2016,Maruti,Celerio VXI AMT,998,No,Automatic,69973,2,Petrol,6,2
2017,Maruti,IGNIS DELTA 1.2,1197,No,Manual,77579,2,Petrol,4,4
2019,Maruti,Baleno ALPHA PETROL 1.2,1197,No,Manual,73813,2,Petrol,16,10
2018,Maruti,Celerio VXI AMT (O),998,No,Automatic,69185,1,Petrol,0,0
2014,Maruti,Swift Dzire VXI,1197,No,Manual,62067,1,Petrol,35,8
2012,Maruti,Swift VXI,1197,Yes,Manual,71115,3,Petrol,0,0
2020,Maruti,Dzire ZXI AMT,1197,Yes,Automatic,15435,1,Petrol,2,1
2017,Maruti,Ciaz ZETA DIESEL 1.3,1248,No,Manual,101069,2,Diesel,10,9
2020,Maruti,Celerio VXI (O),998,No,Manual,28358,1,Petrol,7,2
2019,Maruti,Baleno ZETA CVT PETROL 1.2,1197,Yes,Automatic,11957,2,Petrol,7,0
2013,Maruti,Alto 800 LXI,796,Yes,Manual,48658,2,Petrol,2,4
2015,Maruti,Wagon R 1.0 VXI,998,No,Manual,90358,3,Petrol,5,3
2011,Maruti,Alto K10 VXI,998,Yes,Manual,72134,1,Petrol,21,6
2020,Maruti,Alto LXI,796,Yes,Manual,13485,1,Petrol,6,1
2015,Maruti,Wagon R 1.0 VXI,998,No,Manual,43791,3,Petrol,2,3
2015,Maruti,Celerio ZXI AMT,998,Yes,Automatic,75112,1,Petrol,6,4
2018,Maruti,Ciaz ALPHA 1.4 PETROL,1373,Yes,Manual,98119,1,Petrol,16,7
2022,Maruti,Dzire VXI AMT,1197,No,Automatic,52707,2,Petrol,4,5
2014,Maruti,Swift Dzire VXI,1197,No,Manual,55835,1,Petrol,16,6
2020,Maruti,Celerio ZXI AMT,998,Yes,Automatic,47616,2,Petrol,18,5
2017,Maruti,IGNIS DELTA 1.2,1197,No,Manual,70873,1,Petrol,10,0
2020,Maruti,New Wagon-R ZXI 1.2,1197,Yes,Manual,66966,1,Petrol,5,4
2016,Maruti,Wagon R 1.0 VXI,998,No,Manual,63813,2,Petrol,12,9
2013,Maruti,Alto K10 VXI,998,Yes,Manual,70050,2,Petrol,11,6
2019,Maruti,Celerio X ZXI AMT,998,Yes,Automatic,52328,1,Petrol,2,0
2018,Maruti,Celerio ZXI (O),998,Yes,Manual,99649,1,Petrol,2,5
2015,Maruti,Wagon R 1.0 VXI,998,No,Manual,29956,1,Petrol,15,1
2018,Maruti,Wagon R 1.0 VXI AMT,998,No,Automatic,64157,1,Petrol,10,4
2019,Maruti,New Wagon-R VXI 1.2,1197,Yes,Manual,52608,2,Petrol,0,0
2019,Maruti,Baleno ALPHA PETROL 1.2,1197,Yes,Manual,24499,1,Petrol,10,2
2019,Maruti,Celerio ZXI,998,No,Manual,69332,1,Petrol,15,2
2016,Maruti,Baleno DELTA PETROL 1.2,1197,No,Manual,97531,1,Petrol,13,10
2019,Maruti,Baleno ZETA PETROL 1.2,1197,Yes,Manual,58448,1,Petrol,4,8
2017,Maruti,Alto K10 VXI (O) AMT,998,Yes,Automatic,67823,2,Petrol,3,3
2015,Maruti,Wagon R 1.0 VXI,998,Yes,Manual,34292,2,Petrol,16,5
2019,Maruti,Baleno ALPHA PETROL 1.2,1197,Yes,Manual,88651,1,Petrol,3,4
2018,Maruti,Celerio X ZXI AMT,998,No,Automatic,68971,2,Petrol,17,3
2023,Maruti,New Wagon-R ZXI 1.2,1197,Yes,Manual,35595,1,Petrol,6,3
2017,Maruti,IGNIS ZETA 1.2 AMT,1197,Yes,Automatic,39347,1,Petrol,5,4
2017,Maruti,Ciaz DELTA 1.4 MT PETROL,1373,Yes,Manual,105815,2,Petrol,15,4
2017,Maruti,IGNIS ZETA 1.2,1197,Yes,Manual,63716,1,Petrol,5,0
2019,Maruti,Alto K10 VXI,998,Yes,Manual,39091,1,Petrol,22,3
2016,Maruti,Wagon R 1.0 VXI,998,Yes,Manual,77225,1,Petrol,19,2
2022,Maruti,Ciaz ALPHA 1.5 SHVS PETROL,1462,No,Manual,23327,1,Petrol,2,0
2022,Maruti,New Wagon-R VXI 1.0,998,Yes,Manual,44382,2,Petrol,3,1
2017,Maruti,Wagon R 1.0 VXI,998,Yes,Manual,66341,1,Petrol,1,3
2018,Maruti,Ciaz ZETA 1.4 AT PETROL,1373,Yes,Automatic,88132,1,Petrol,5,5
2019,Maruti,New Wagon-R VXI 1.0 AMT,998,Yes,Automatic,95456,1,Petrol,14,0
2021,Maruti,S PRESSO VXI+,998,No,Manual,26875,2,Petrol,4,8
2020,Maruti,New Wagon-R VXI 1.2 AMT,1197,Yes,Automatic,50380,2,Petrol,3,0
2023,Maruti,Celerio ZXI AMT,998,Yes,Automatic,17447,1,Petrol,1,0
2020,Maruti,Alto LXI,796,No,Manual,30292,1,Petrol,24,4
2017,Maruti,Celerio ZXI AMT,998,Yes,Automatic,53241,1,Petrol,2,2
2021,Maruti,Celerio ZXI AMT,998,No,Automatic,24059,1,Petrol,1,2
2020,Maruti,S PRESSO LXI (O) CNG,998,Yes,Manual,80265,1,CNG,2,1
2017,Maruti,Celerio ZXI (O),998,Yes,Manual,51182,2,Petrol,8,4
2022,Maruti,New Wagon-R ZXI 1.2,1197,Yes,Manual,22594,1,Petrol,3,2
2021,Maruti,Alto VXI PLUS,796,Yes,Manual,24463,1,Petrol,15,7
2021,Maruti,Alto LXI O,796,Yes,Manual,26792,1,Petrol,4,0
2016,Maruti,Wagon R 1.0 VXI AMT,998,Yes,Automatic,82834,1,Petrol,12,8
2021,Maruti,S PRESSO VXI+,998,No,Manual,46355,1,Petrol,10,1
2013,Maruti,Wagon R 1.0 LXI,998,No,Manual,51088,2,Petrol,0,0
2022,Maruti,Baleno ALPHA PETROL 1.2,1197,No,Manual,49533,1,Petrol,6,4
2019,Maruti,Baleno ZETA PETROL 1.2,1197,No,Manual,36262,1,Petrol,12,5
2014,Maruti,Wagon R 1.0 VXI,998,Yes,Manual,69455,1,Petrol,20,3
2020,Maruti,New Wagon-R VXI 1.2,1197,Yes,Manual,48833,1,Petrol,9,3
2020,Maruti,New Wagon-R VXI (O) 1.2 AMT,1197,Yes,Automatic,26074,1,Petrol,1,0
2019,Maruti,Celerio ZXI AMT (O),998,No,Automatic,87744,1,Petrol,6,0
2014,Maruti,Celerio VXI AMT,998,Yes,Automatic,98335,1,Petrol,0,0
2018,Maruti,Wagon R 1.0 VXI,998,Yes,Manual,76210,1,Petrol,3,1
2017,Maruti,Celerio ZXI AMT,998,Yes,Automatic,77481,2,Petrol,12,4
2014,Maruti,Wagon R 1.0 VXI,998,No,Manual,83098,2,Petrol,23,2
2017,Maruti,Celerio ZXI,998,Yes,Manual,81204,1,Petrol,14,5
2015,Maruti,Wagon R 1.0 VXI,998,No,Manual,97385,2,Petrol,8,3
2018,Maruti,IGNIS DELTA 1.2 AMT,1197,Yes,Automatic,33509,1,Petrol,12,1
2019,Maruti,New Wagon-R VXI 1.2,1197,Yes,Manual,49347,1,Petrol,1,1
2022,Maruti,New Wagon-R VXI 1.0 AMT,1197,No,Automatic,9301,1,Petrol,0,0
2021,Maruti,New Wagon-R VXI (O) 1.2 AMT,1197,No,Automatic,37541,1,Petrol,8,8
2020,Maruti,New Wagon-R ZXI 1.2,1197,Yes,Manual,52823,1,Petrol,13,6
2022,Maruti,S PRESSO VXI+,998,Yes,Manual,35049,1,Petrol,0,0
2020,Maruti,Ciaz DELTA 1.5 SHVS MT PETROL,1462,Yes,Manual,61765,2,Petrol,7,1
2019,Maruti,IGNIS DELTA 1.2,1197,No,Manual,72496,2,Petrol,9,6
2014,Maruti,Wagon R 1.0 VXI,998,Yes,Manual,98723,2,Petrol,12,5
2021,Maruti,New Wagon-R VXI 1.0,998,Yes,Manual,40215,1,Petrol,3,0
2022,Maruti,Alto LXI O,796,Yes,Manual,26385,1,Petrol,2,2
2018,Maruti,Wagon R 1.0 VXI AMT,998,No,Automatic,99726,1,Petrol,13,5
2021,Maruti,Ciaz ALPHA AT 1.5 SHVS PETROL,1462,No,Automatic,57002,1,Petrol,6,3
2017,Maruti,Alto 800 LXI,796,Yes,Manual,63989,2,Petrol,14,5
2016,Maruti,Baleno DELTA PETROL 1.2,1197,Yes,Manual,93648,3,Petrol,8,0
2014,Maruti,Wagon R 1.0 VXI,998,Yes,Manual,76186,1,Petrol,9,8
2012,Maruti,Wagon R 1.0 LXI,998,No,Manual,76750,1,Petrol,9,8
2018,Maruti,Ciaz ALPHA AT 1.5 SHVS PETROL,1462,Yes,Automatic,50723,2,Petrol,6,3
2018,Maruti,Swift VXI,1197,Yes,Manual,78023,1,Petrol,5,2
2018,Maruti,Baleno DELTA PETROL 1.2,1197,Yes,Manual,52856,2,Petrol,7,1
2016,Maruti,Baleno DELTA PETROL 1.2,1197,Yes,Manual,48242,2,Petrol,8,3
2021,Maruti,Baleno ZETA PETROL 1.2,1197,Yes,Manual,46568,1,Petrol,4,3
2019,Maruti,Swift ZXI PLUS AMT,1197,Yes,Automatic,90696,1,Petrol,18,1
2011,Maruti,Alto K10 VXI,998,Yes,Manual,81585,2,Petrol,2,13
2018,Maruti,Swift ZXI PLUS AMT,1197,Yes,Automatic,49070,1,Petrol,5,2
2022,Maruti,Dzire VXI,1197,Yes,Manual,35844,1,Petrol,5,1
2019,Maruti,Dzire VXI AMT,1197,No,Automatic,41666,1,Petrol,6,3
2013,Maruti,Ritz ZDI,1248,Yes,Manual,82552,1,Diesel,10,3
2017,Maruti,Alto 800 LXI,796,No,Manual,96161,2,Petrol,0,0
2021,Maruti,Vitara Brezza ZXI PLUS AT DUAL TONE SHVS,1462,No,Automatic,68282,1,Petrol,0,0
2022,Maruti,Vitara Brezza ZXI PLUS AT SHVS,1462,Yes,Automatic,24794,1,Petrol,3,1
2017,Maruti,Swift LXI (O),1197,No,Manual,98274,2,Petrol,0,0
2017,Maruti,Alto 800 LXI,796,Yes,Manual,47179,1,Petrol,7,2
2021,Maruti,Alto VXI PLUS,796,Yes,Manual,24381,2,Petrol,6,3
2020,Maruti,Baleno ZETA CVT PETROL 1.2,1197,Yes,Automatic,47699,1,Petrol,10,5
2021,Maruti,Alto VXI,796,Yes,Manual,45381,1,Petrol,7,3
2017,Maruti,Alto 800 VXI,796,Yes,Manual,66467,2,Petrol,17,6
2018,Maruti,Baleno DELTA PETROL 1.2,1197,Yes,Manual,77148,1,Petrol,5,3
2021,Maruti,Swift LXI,1197,No,Manual,29057,1,Petrol,7,5
2022,Maruti,Alto K10 VXI,998,Yes,Manual,22864,1,Petrol,2,0
2016,Maruti,Vitara Brezza ZDI,1248,Yes,Manual,76173,1,Diesel,6,0
2017,Maruti,Celerio VXI,998,Yes,Manual,90417,1,Petrol,8,4
2023,Maruti,Baleno ALPHA PETROL 1.2,1197,Yes,Manual,28570,1,Petrol,0,0
2017,Maruti,Baleno ALPHA PETROL 1.2,1197,Yes,Manual,61462,1,Petrol,2,0
2019,Maruti,Baleno ZETA PETROL 1.2,1197,No,Manual,55295,2,Petrol,2,1
2013,Maruti,Alto 800 LXI,796,Yes,Manual,49551,2,Petrol,3,6
2018,Maruti,Baleno ZETA PETROL 1.2,1197,No,Manual,43680,1,Petrol,7,2
2021,Maruti,XL6 ZETA MT,1462,No,Manual,54421,1,Petrol,1,0
2012,Maruti,Swift VDI,1248,No,Manual,62234,2,Diesel,4,12
2021,Maruti,XL6 ZETA MT,1462,Yes,Manual,53293,1,Petrol,1,0
2019,Maruti,Dzire VXI AMT,1197,Yes,Automatic,19029,1,Petrol,1,2
2021,Maruti,Swift VXI,1197,Yes,Manual,23180,1,Petrol,4,2
2014,Maruti,Celerio VXI AMT,998,Yes,Automatic,58071,3,Petrol,6,0
2020,Maruti,Alto LXI,796,Yes,Manual,62586,2,Petrol,3,2
2015,Maruti,Baleno DELTA PETROL 1.2,1197,No,Manual,61446,2,Petrol,21,9
2013,Maruti,Alto K10 VXI,998,No,Manual,62715,2,Petrol,10,8
2020,Maruti,Baleno ZETA PETROL 1.2,1197,Yes,Manual,55997,1,Petrol,5,3
2012,Maruti,Ritz VXI,1197,Yes,Manual,42582,1,Petrol,11,27
2014,Maruti,Wagon R 1.0 VXI,998,Yes,Manual,22765,1,Petrol,6,6
2021,Maruti,Baleno ZETA PETROL 1.2,1197,Yes,Manual,31437,1,Petrol,8,5
2018,Maruti,Ciaz SIGMA 1.5 SHVS MT PETROL,1462,No,Manual,29010,1,Petrol,6,3
2022,Maruti,Alto VXI,796,Yes,Manual,10612,1,Petrol,1,1
2019,Maruti,Baleno ALPHA CVT PETROL 1.2,1197,Yes,Automatic,32201,1,Petrol,4,2
2017,Maruti,Alto 800 LXI,796,Yes,Manual,49061,1,Petrol,10,5
2021,Maruti,S PRESSO VXI+,998,No,Manual,10266,1,Petrol,0,0
2017,Maruti,Baleno ALPHA PETROL 1.2,1197,No,Manual,47626,2,Petrol,3,3
2023,Maruti,Alto K10 LXI,998,No,Manual,16628,1,Petrol,0,0
2013,Maruti,Wagon R 1.0 LXI CNG,998,No,Manual,64400,2,CNG,0,0
2017,Maruti,Swift VXI,1197,No,Manual,74579,1,Petrol,8,3
2014,Maruti,Wagon R 1.0 LXI CNG,998,No,Manual,28118,1,CNG,2,2
2015,Maruti,Wagon R 1.0 LXI CNG,998,Yes,Manual,52646,1,CNG,13,2
2016,Maruti,Celerio ZXI AMT,998,No,Automatic,42692,1,Petrol,14,3
2017,Maruti,Baleno ZETA PETROL 1.2,1197,Yes,Manual,94021,2,Petrol,3,0
2023,Maruti,XL6 ZETA CNG,1462,Yes,Manual,32447,1,CNG,1,0
2019,Maruti,New Wagon-R LXI CNG 1.0,998,Yes,Manual,86195,1,CNG,3,2
2023,Maruti,XL6 ALPHA PLUS MT,1462,Yes,Manual,21398,1,Petrol,2,2
2013,Maruti,Swift Dzire VDI,1248,Yes,Manual,40081,1,Diesel,8,14
2020,Maruti,New Wagon-R LXI CNG 1.0,998,Yes,Manual,57184,1,CNG,3,2
2016,Maruti,Vitara Brezza ZDI PLUS DUAL TONE,1248,Yes,Manual,72213,1,Diesel,13,3
2021,Maruti,Baleno ZETA CVT PETROL 1.2,1197,Yes,Automatic,16690,1,Petrol,4,2
2018,Maruti,Baleno DELTA CVT PETROL 1.2,1197,Yes,Automatic,33974,1,Petrol,8,4
2022,Maruti,BREZZA ZXI SMART HYBRID,1462,Yes,Manual,18859,1,Petrol,6,0
2021,Maruti,New Wagon-R ZXI 1.2 AMT,1197,Yes,Automatic,26550,1,Petrol,2,8
2020,Maruti,Dzire ZXI PLUS AMT,1197,Yes,Automatic,56042,2,Petrol,13,4
2022,Maruti,New Wagon-R VXI 1.0 AMT,998,Yes,Automatic,28720,1,Petrol,4,0
2017,Maruti,Baleno ZETA CVT PETROL 1.2,1197,No,Automatic,113814,2,Petrol,7,5
2014,Maruti,Wagon R 1.0 LXI CNG,998,Yes,Manual,81895,1,CNG,6,5
2017,Maruti,Baleno ZETA DIESEL 1.3,1248,Yes,Manual,107690,2,Diesel,6,3
2017,Maruti,Celerio ZXI AMT,998,Yes,Automatic,33857,2,Petrol,9,0
2016,Maruti,Baleno DELTA PETROL 1.2,1197,Yes,Manual,43273,1,Petrol,16,3
2018,Maruti,Ciaz ALPHA AT 1.5 SHVS PETROL,1462,Yes,Automatic,57301,1,Petrol,6,4
2016,Maruti,Ciaz VXI,1373,No,Manual,99639,1,Petrol,14,0
2018,Maruti,Baleno ALPHA CVT PETROL 1.2,1197,Yes,Automatic,15600,1,Petrol,4,4
2018,Maruti,Baleno ZETA CVT PETROL 1.2,1197,Yes,Automatic,43313,1,Petrol,2,5
2013,Maruti,Swift ZXI,1197,No,Manual,42338,1,Petrol,22,8
2015,Maruti,Alto 800 LXI CNG,796,Yes,Manual,68920,2,CNG,11,6
2017,Maruti,Dzire LXI,1197,Yes,Manual,89378,2,Petrol,8,8
2016,Maruti,Swift VXI O,1197,No,Manual,35970,1,Petrol,23,4
2016,Maruti,Celerio ZXI,998,Yes,Manual,33655,1,Petrol,23,0
2016,Maruti,Ciaz VDI SHVS,1248,Yes,Manual,96990,1,Diesel,5,2
2015,Maruti,Ertiga VXI CNG,1373,No,Manual,52143,3,CNG,18,5
2015,Maruti,Wagon R 1.0 VXI AMT,998,Yes,Automatic,95214,1,Petrol,21,0
2016,Maruti,Baleno DELTA CVT PETROL 1.2,1197,Yes,Automatic,34019,1,Petrol,15,2
2017,Maruti,Vitara Brezza VDI,1248,No,Manual,53293,1,Diesel,25,3
2015,Maruti,Baleno ZETA DIESEL 1.3,1248,Yes,Manual,56687,1,Diesel,9,6
2022,Maruti,BREZZA ZXI SMART HYBRID,1462,Yes,Manual,5377,1,Petrol,1,1
2021,Maruti,Alto LXI,796,Yes,Manual,26866,1,Petrol,8,9
2014,Maruti,Ertiga VXI CNG,1373,Yes,Manual,62157,2,CNG,16,6
2023,Maruti,New Wagon-R LXI 1.0,998,Yes,Manual,1958,1,Petrol,4,0
2019,Maruti,Baleno DELTA CVT PETROL 1.2,1197,Yes,Automatic,16547,2,Petrol,3,9
2017,Maruti,Wagon R 1.0 LXI CNG,998,Yes,Manual,57012,2,CNG,13,2
2016,Maruti,Celerio ZXI AMT,998,Yes,Automatic,76727,1,Petrol,17,3
2021,Maruti,Ciaz DELTA 1.5 SHVS MT PETROL,1462,Yes,Manual,30926,1,Petrol,3,2
2018,Maruti,Baleno ALPHA CVT PETROL 1.2,1197,Yes,Automatic,44613,2,Petrol,5,8
2015,Maruti,Celerio VXI AMT,998,Yes,Automatic,73092,2,Petrol,29,1
2014,Maruti,Swift VXI,1197,No,Manual,53120,1,Petrol,5,3
2017,Maruti,Wagon R 1.0 VXI,998,No,Manual,22280,1,Petrol,6,1
2014,Maruti,Wagon R 1.0 LXI CNG,998,No,Manual,99498,2,CNG,19,2
2017,Maruti,Wagon R 1.0 LXI CNG,998,Yes,Manual,56359,2,CNG,9,4
2019,Maruti,Celerio VXI CNG,998,Yes,Manual,35436,1,CNG,3,3
2013,Maruti,Wagon R Stingray VXI,998,No,Manual,35954,1,Petrol,25,3
2016,Maruti,Swift Dzire VXI,1197,No,Manual,49757,2,Petrol,27,4
2020,Maruti,S Cross ALPHA AT SMART HYBRID,1462,Yes,Automatic,29624,1,Petrol,2,0
2020,Maruti,S PRESSO VXI CNG,998,No,Manual,66992,1,CNG,4,2
2015,Maruti,Wagon R 1.0 VXI,998,No,Manual,28048,2,Petrol,16,4
2015,Maruti,Ertiga ZDI,1248,No,Manual,74875,1,Diesel,17,10
2018,Maruti,Ciaz ZETA 1.5 SHVS MT PETROL,1462,Yes,Manual,18001,1,Petrol,12,1
2021,Maruti,Ciaz SIGMA 1.5 SHVS MT PETROL,1462,Yes,Manual,16909,1,Petrol,8,0
2017,Maruti,Swift VXI,1197,No,Manual,57535,2,Petrol,16,0
2017,Maruti,IGNIS DELTA 1.2,1197,No,Manual,56219,2,CNG,27,0
2015,Maruti,Wagon R 1.0 VXI,998,No,Manual,16624,1,Petrol,5,2
2017,Maruti,Baleno DELTA PETROL 1.2,1197,Yes,Manual,62669,1,Petrol,20,4
2013,Maruti,Swift Dzire ZDI,1248,Yes,Manual,120050,1,Diesel,25,16
2018,Maruti,Wagon R 1.0 LXI CNG,998,Yes,Manual,98745,1,CNG,12,4
2021,Maruti,New Wagon-R ZXI 1.2 AMT,1197,Yes,Automatic,34224,1,Petrol,1,3
2021,Maruti,Baleno ZETA PETROL 1.2,1197,Yes,Manual,14955,1,Petrol,1,1
2012,Maruti,Swift Dzire ZXI,1197,Yes,Manual,60719,1,Petrol,22,4
2015,Maruti,Baleno ALPHA DIESEL 1.3,1248,Yes,Manual,59958,2,Diesel,16,2
2018,Maruti,Baleno ALPHA CVT PETROL 1.2,1197,Yes,Automatic,33155,2,Petrol,4,0
2013,Maruti,Wagon R 1.0 VXI,998,No,Manual,45304,1,Petrol,13,12
2013,Maruti,Ertiga ZXI,1373,Yes,Manual,41016,2,Petrol,14,4
2015,Maruti,Ertiga ZXI,1373,Yes,Manual,48033,1,Petrol,19,1
2019,Maruti,S PRESSO VXI PLUS AMT,998,Yes,Automatic,21125,1,Petrol,9,0
2021,Maruti,New Wagon-R VXI (O) 1.2,1197,Yes,Manual,19528,2,Petrol,4,0
2020,Maruti,Ciaz ALPHA AT 1.5 SHVS PETROL,1462,Yes,Automatic,23697,1,Petrol,23,3
2012,Maruti,Wagon R 1.0 VXI,998,No,Manual,43569,2,Petrol,19,2
2019,Maruti,Baleno ZETA CVT PETROL 1.2,1197,Yes,Automatic,24684,1,Petrol,3,0
2015,Maruti,Wagon R 1.0 VXI,998,No,Manual,34384,1,Petrol,12,0
2022,Maruti,S PRESSO VXI+,998,Yes,Manual,10815,1,Petrol,9,0
2017,Maruti,Baleno DELTA PETROL 1.2,1197,No,Manual,29835,1,Petrol,5,6
2021,Maruti,New Wagon-R LXI CNG (O) 1.0,998,Yes,Manual,13106,1,CNG,7,3
2021,Maruti,S PRESSO VXI (O) CNG,998,No,Manual,48375,1,CNG,1,2
2019,Maruti,New Wagon-R VXI (O) 1.2,1197,Yes,Manual,25824,1,Petrol,0,0
2017,Maruti,Wagon R 1.0 VXI AMT,998,Yes,Automatic,84486,1,Petrol,1,0
2019,Maruti,IGNIS ALPHA 1.2,1197,Yes,Manual,22343,2,Petrol,14,2
2019,Maruti,Ciaz DELTA AT 1.5 SHVS PETROL,1462,No,Automatic,54408,2,Petrol,13,4
2017,Maruti,IGNIS ZETA 1.2 AMT DUAL TONE,1197,No,Automatic,38048,2,Petrol,22,2
2017,Maruti,IGNIS DELTA 1.2,1197,Yes,Manual,30176,1,Petrol,10,4
2017,Maruti,Baleno DELTA PETROL 1.2,1197,Yes,Manual,30064,2,Petrol,4,1
2021,Maruti,Ciaz DELTA AT 1.5 SHVS PETROL,1462,Yes,Automatic,29291,1,Petrol,2,0
2014,Maruti,Celerio VXI AMT,998,No,Automatic,98502,1,Petrol,0,0
2021,Maruti,New Wagon-R LXI CNG 1.0,998,Yes,Manual,23233,1,CNG,9,4
2022,Maruti,New Wagon-R ZXI 1.2,1197,Yes,Manual,20987,1,Petrol,1,0
2017,Maruti,IGNIS ZETA 1.2 AMT DUAL TONE,1197,Yes,Automatic,19428,2,Petrol,3,4
2021,Maruti,Ciaz ALPHA AT 1.5 SHVS PETROL,1462,Yes,Automatic,33706,1,Petrol,22,1
2021,Maruti,Ciaz DELTA AT 1.5 SHVS PETROL,1462,No,Automatic,16992,1,Petrol,4,2
2020,Maruti,S PRESSO VXI CNG,998,Yes,Manual,37608,1,CNG,11,0
2014,Maruti,Swift Dzire ZDI,1248,Yes,Manual,11144,1,Diesel,13,7
2017,Maruti,Wagon R 1.0 VXI OPT,998,Yes,Manual,43944,2,Petrol,14,0
2014,Maruti,Wagon R 1.0 LXI CNG,998,No,Manual,105898,2,CNG,30,0
2017,Maruti,Wagon R 1.0 VXI,998,No,Manual,34793,1,Petrol,16,0
2021,Maruti,New Wagon-R LXI CNG 1.0,998,Yes,Manual,30981,1,CNG,5,3
2014,Maruti,Wagon R 1.0 LXI CNG,998,Yes,Manual,95135,1,CNG,0,0
2021,Maruti,New Wagon-R LXI CNG (O) 1.0,998,Yes,Manual,36188,1,CNG,8,1
2023,Maruti,New Wagon-R VXI 1.0 AMT,998,Yes,Automatic,3883,1,Petrol,1,0
2020,Maruti,Ciaz ALPHA AT 1.5 SHVS PETROL,1462,Yes,Automatic,31176,1,Petrol,7,3
2018,Maruti,Swift VXI AMT,1197,Yes,Automatic,77150,1,Petrol,13,2
2023,Maruti,XL6 ZETA CNG,1462,Yes,Manual,21141,1,CNG,0,0
2020,Maruti,New Wagon-R LXI CNG 1.0,998,Yes,Manual,25230,1,CNG,5,3
2014,Maruti,Swift VXI,1197,Yes,Manual,29876,1,Petrol,20,6
2015,Maruti,Swift VXI,1197,Yes,Manual,76928,2,Petrol,9,3
2018,Maruti,Dzire VXI AMT,1197,Yes,Automatic,51852,1,Petrol,15,3
2017,Maruti,Wagon R 1.0 VXI,998,No,Manual,19081,1,Petrol,32,2
2012,Maruti,Wagon R 1.0 VXI,998,No,Manual,42531,2,Petrol,22,0
2017,Maruti,Baleno ALPHA DIESEL 1.3,1248,Yes,Manual,73649,1,Diesel,19,1
2019,Maruti,New Wagon-R VXI 1.2,1197,Yes,Manual,11829,2,Petrol,10,4
2016,Maruti,Ertiga VXI,1373,No,Manual,43851,1,Petrol,1,0
2014,Maruti,Wagon R 1.0 LXI,998,Yes,Manual,67447,1,Petrol,16,3
2014,Maruti,Ertiga VDI,1248,Yes,Manual,119998,2,Diesel,18,5
2023,Maruti,BREZZA ZXI SMART HYBRID,1462,Yes,Manual,10234,1,Petrol,0,0
2021,Maruti,New Wagon-R VXI 1.2,1197,Yes,Manual,18693,1,Petrol,9,2
2019,Maruti,Baleno ZETA CVT PETROL 1.2,1197,Yes,Automatic,16282,2,Petrol,2,2
2021,Maruti,New Wagon-R LXI CNG 1.0,998,Yes,Manual,27051,1,CNG,8,1
2020,Maruti,S PRESSO VXI (O) AMT,998,Yes,Automatic,13440,1,Petrol,13,0
2021,Maruti,New Wagon-R LXI CNG (O) 1.0,998,Yes,Manual,39613,1,CNG,16,3
2022,Maruti,IGNIS ZETA 1.2,1197,Yes,Manual,6992,1,Petrol,1,2
2014,Maruti,Wagon R 1.0 VXI,998,Yes,Manual,42307,1,Petrol,11,0
2017,Maruti,Alto 800 LXI CNG,796,Yes,Manual,83469,1,CNG,2,5
2022,Maruti,XL6 ALPHA AT,1462,Yes,Automatic,24494,1,Petrol,1,0
2021,Maruti,XL6 ALPHA MT,1462,Yes,Manual,48740,1,Petrol,0,0
2015,Maruti,Ciaz ZXI,1373,Yes,Manual,85633,1,Petrol,7,0
2022,Maruti,Ertiga ZXI (O) CNG,1373,No,Manual,20619,1,CNG,1,0
2014,Maruti,Alto 800 LXI,796,No,Manual,40783,1,Petrol,3,2
2014,Maruti,Alto K10 VXI,998,Yes,Manual,31827,2,Petrol,12,4
2015,Maruti,Swift Dzire VXI,1197,No,Manual,84530,1,Petrol,18,1
2017,Maruti,Baleno ZETA PETROL 1.2,1197,Yes,Manual,49544,2,Petrol,25,2
2020,Maruti,Baleno DELTA PETROL 1.2,1197,No,Manual,33723,1,Petrol,9,0
2014,Maruti,Swift VXI,1197,Yes,Manual,69389,1,Petrol,10,6
2013,Maruti,Swift Dzire VXI,1197,Yes,Manual,33244,1,Petrol,7,6
2017,Maruti,Swift Dzire ZXI,1197,Yes,Manual,34196,1,Petrol,1,0
2017,Maruti,Alto 800 LXI CNG O,796,No,Manual,76356,1,CNG,8,9
2016,Maruti,Ciaz ZXI+ AT,1373,Yes,Automatic,90742,1,Petrol,9,3
2015,Maruti,Alto K10 VXI,998,No,Manual,51243,2,Petrol,6,1
2014,Maruti,Celerio VXI AMT,998,No,Automatic,76296,1,Petrol,18,3
2018,Maruti,Wagon R 1.0 LXI CNG,998,Yes,Manual,48605,2,CNG,10,2
2020,Maruti,New Wagon-R VXI 1.2,1197,Yes,Manual,20785,1,Petrol,3,1
2014,Maruti,Wagon R 1.0 VXI,998,Yes,Manual,53375,1,Petrol,8,1
2016,Maruti,Baleno DELTA DIESEL 1.3,1248,Yes,Manual,62767,1,Diesel,9,1
2015,Maruti,Ertiga VXI CNG,1373,No,Manual,31504,1,CNG,10,4
2017,Maruti,Celerio ZXI,998,No,Manual,27882,1,Petrol,16,4
2014,Maruti,Swift Dzire VXI,1197,Yes,Manual,42022,1,Petrol,13,7
2017,Maruti,Celerio VXI CNG,998,No,Manual,79682,1,CNG,17,1
2017,Maruti,Wagon R 1.0 VXI AMT,998,Yes,Automatic,65289,1,Petrol,13,0
2013,Maruti,Wagon R 1.0 LXI CNG,998,No,Manual,80601,1,CNG,28,9
2014,Maruti,Celerio VXI AMT,998,Yes,Automatic,32718,1,Petrol,15,0
2017,Maruti,Baleno ZETA CVT PETROL 1.2,1197,No,Automatic,77650,1,Petrol,25,8
2021,Maruti,Baleno ZETA CVT PETROL 1.2,1197,Yes,Automatic,14683,1,Petrol,1,0
2013,Maruti,Wagon R 1.0 LXI CNG,998,No,Manual,75349,2,CNG,13,5
2021,Maruti,New Wagon-R LXI CNG 1.0,998,Yes,Manual,13032,1,CNG,4,0
2022,Maruti,S PRESSO VXI (O) CNG,998,No,Manual,31772,1,CNG,3,0
2018,Maruti,IGNIS ZETA 1.2 AMT,1197,Yes,Automatic,76787,2,Petrol,6,1
2016,Maruti,Ertiga VXI,1373,Yes,Manual,69763,1,CNG,12,3
2016,Maruti,Alto 800 LXI,796,Yes,Manual,45935,2,Petrol,19,1
2020,Maruti,New Wagon-R LXI CNG 1.0,998,Yes,Manual,12950,2,CNG,7,2
2016,Maruti,Celerio VXI CNG,998,No,Manual,90267,2,CNG,14,1
2017,Maruti,Baleno DELTA PETROL 1.2,1197,No,Manual,35708,1,Petrol,8,6
2013,Maruti,Wagon R 1.0 LXI,998,No,Manual,44009,1,Petrol,8,2
2016,Maruti,Swift VXI,1197,Yes,Manual,71405,1,Petrol,6,2
2014,Maruti,Swift VXI,1197,Yes,Manual,17595,2,Petrol,0,0
2019,Maruti,Alto VXI,796,Yes,Manual,8064,1,Petrol,5,2
2013,Maruti,Alto 800 LXI CNG,796,Yes,Manual,90913,1,CNG,9,14
2021,Maruti,New Wagon-R LXI CNG (O) 1.0,998,Yes,Manual,51151,1,CNG,3,1
2013,Maruti,Swift VXI,1197,No,Manual,87034,2,Petrol,0,0
2017,Maruti,Celerio ZXI,998,Yes,Manual,60005,3,Petrol,4,13
2022,Maruti,S PRESSO VXI+,998,Yes,Manual,16213,1,Petrol,0,0
2013,Maruti,Alto K10 LXI,998,Yes,Manual,18101,1,Petrol,0,0
2015,Maruti,Wagon R 1.0 VXI,998,No,Manual,56620,1,Petrol,6,1
2022,Maruti,IGNIS DELTA 1.2,1197,Yes,Manual,7097,1,Petrol,1,0
2017,Maruti,Dzire ZXI AMT,1197,Yes,Automatic,37274,1,Petrol,8,2
2023,Maruti,BREZZA VXI SMART HYBRID,1462,Yes,Manual,21217,1,Petrol,1,2
2018,Maruti,IGNIS DELTA 1.2,1197,No,Manual,54728,1,Petrol,22,17
2015,Maruti,Swift Dzire VXI,1197,Yes,Manual,96263,1,Petrol,0,0
2011,Maruti,Alto K10 VXI,998,No,Manual,123621,2,Petrol,25,6
2015,Maruti,Alto K10 VXI AMT,998,No,Automatic,30634,1,Petrol,10,6
2018,Maruti,IGNIS SIGMA 1.2,1197,Yes,Manual,57747,1,Petrol,26,5
2016,Maruti,Swift VXI,1197,Yes,Manual,52736,1,Petrol,12,5
2016,Maruti,Swift ZXI,1197,Yes,Manual,64434,2,Petrol,17,8
2017,Maruti,Swift VXI,1197,No,Manual,42316,2,Petrol,0,0
2017,Maruti,Baleno ZETA PETROL 1.2,1197,Yes,Manual,110283,2,Petrol,7,4
2017,Maruti,Alto K10 LXI CNG (AIRBAG),998,Yes,Manual,98581,2,CNG,0,0
2018,Maruti,Celerio VXI CNG,998,No,Manual,90082,2,CNG,0,0
2018,Maruti,Dzire VDI AMT,1248,Yes,Automatic,100984,1,Diesel,0,0
2018,Maruti,Dzire VDI,1248,No,Manual,83762,2,Diesel,0,0
2019,Maruti,Baleno DELTA PETROL 1.2,1197,Yes,Manual,39639,2,Petrol,19,12
2014,Maruti,Celerio ZXI,998,No,Manual,37678,1,Petrol,18,5
2017,Maruti,Wagon R 1.0 VXI (O) AMT,998,Yes,Automatic,70769,2,Petrol,17,7
2019,Maruti,Celerio ZXI,998,No,Manual,37817,1,Petrol,7,5
2013,Maruti,Swift VXI,1197,No,Manual,88376,1,Petrol,0,0
2017,Maruti,Alto K10 VXI,998,Yes,Manual,32701,1,Petrol,4,2
2021,Maruti,XL6 ZETA MT,1462,Yes,Manual,19967,1,Petrol,2,0
2015,Maruti,Celerio ZXI (O),998,Yes,Manual,27204,1,Petrol,16,4
2013,Maruti,Swift Dzire ZDI,1248,Yes,Manual,96999,1,Diesel,11,4
2017,Maruti,Celerio ZXI AMT (O),998,Yes,Automatic,67082,1,Petrol,1,12
2019,Maruti,IGNIS DELTA 1.2,1197,No,Manual,69689,1,Petrol,13,6
2020,Maruti,Baleno DELTA CVT PETROL 1.2,1197,Yes,Automatic,32117,2,Petrol,16,3
2019,Maruti,Celerio VXI CNG,998,Yes,Manual,59169,1,CNG,0,0
2014,Maruti,Swift Dzire VXI,1197,No,Manual,63296,1,Petrol,0,0
2020,Maruti,IGNIS ZETA 1.2 AMT,1197,No,Automatic,58158,1,Petrol,6,6
2017,Maruti,Swift VXI,1197,Yes,Manual,116084,1,Petrol,0,0
2017,Maruti,Baleno ALPHA PETROL 1.2,1197,Yes,Manual,69911,2,Petrol,6,3
2011,Maruti,Swift Dzire ZXI,1197,Yes,Manual,39721,2,Petrol,18,14
2014,Maruti,Alto K10 LXI,998,No,Manual,53066,1,Petrol,13,4
2020,Maruti,New Wagon-R VXI 1.0 AMT,998,Yes,Automatic,52105,1,Petrol,9,2
2017,Maruti,Ciaz SIGMA 1.4 MT PETROL,1373,No,Manual,51872,1,Petrol,7,9
2021,Maruti,Celerio ZXI (O),998,Yes,Manual,38233,1,Petrol,13,2
2013,Maruti,Swift Dzire VDI,1248,Yes,Manual,100777,1,Diesel,20,9
2022,Maruti,Baleno ALPHA 1.2 AGS,1197,Yes,Automatic,27338,1,Petrol,3,0
2013,Maruti,Wagon R 1.0 LXI,998,No,Manual,75649,2,Petrol,0,0
2020,Maruti,Ciaz DELTA 1.5 SHVS MT PETROL,1462,No,Manual,63804,1,Petrol,7,5
2019,Maruti,New Wagon-R ZXI 1.2 AMT,1197,Yes,Automatic,71773,1,Petrol,6,6
2017,Maruti,Alto 800 LXI,796,No,Manual,69275,1,Petrol,0,0
2012,Maruti,Alto K10 VXI,998,Yes,Manual,72136,2,Petrol,15,7
2020,Maruti,Celerio VXI (O) CNG,998,Yes,Manual,37683,1,CNG,11,4
2022,Maruti,Vitara Brezza ZXI PLUS AT SHVS,1462,Yes,Automatic,11953,1,Petrol,11,0
2012,Maruti,Wagon R 1.0 LXI CNG,998,Yes,Manual,105803,1,CNG,14,0
2020,Maruti,S PRESSO VXI CNG,998,Yes,Manual,41534,1,CNG,6,4
2022,Maruti,IGNIS DELTA 1.2,1197,Yes,Manual,11679,1,Petrol,7,2
2018,Maruti,Baleno ALPHA PETROL 1.2,1197,Yes,Manual,44226,1,Petrol,4,8
2018,Maruti,Celerio VXI (O) CNG,998,No,Manual,108085,2,CNG,20,9
2023,Maruti,BREZZA ZXI SMART HYBRID DUAL TONE,1462,Yes,Manual,8892,1,Petrol,0,0
2020,Maruti,Ciaz ALPHA AT 1.5 SHVS PETROL,1462,Yes,Automatic,28539,1,Petrol,15,2
2016,Maruti,Ciaz VXI,1373,Yes,Manual,39516,1,Petrol,11,7
2017,Maruti,Alto K10 VXI (O) AMT,998,Yes,Automatic,51875,2,Petrol,7,5
2015,Maruti,Ciaz ZXI AT,1373,No,Automatic,80161,2,Petrol,14,7
2016,Maruti,Wagon R 1.0 VXI,998,Yes,Manual,78845,1,Petrol,8,2
2016,Maruti,Celerio ZXI AMT,998,Yes,Automatic,94780,2,Petrol,15,11
2019,Maruti,Celerio VXI AMT,998,Yes,Automatic,36411,2,Petrol,9,0
2015,Maruti,Ciaz VXI+,1373,Yes,Manual,77033,2,Petrol,12,7
2022,Maruti,S PRESSO VXI (O) CNG,998,Yes,Manual,20971,1,CNG,5,1
2020,Maruti,S PRESSO VXI PLUS AMT,998,Yes,Automatic,17104,1,Petrol,3,1
2017,Maruti,Dzire ZXI AMT,1197,Yes,Automatic,99905,1,Petrol,13,9
2016,Maruti,Ciaz ZXI,1373,Yes,Manual,50044,1,Petrol,9,5
2023,Maruti,New Wagon-R VXI 1.0 AMT,998,No,Automatic,12621,1,Petrol,6,1
2019,Maruti,S PRESSO VXI AMT,998,Yes,Automatic,27670,2,Petrol,1,3
2023,Maruti,S PRESSO VXI PLUS (O) AMT,998,Yes,Automatic,1207,1,Petrol,1,0
2012,Maruti,Swift Dzire VDI,1248,Yes,Manual,100146,1,Diesel,31,9
2013,Maruti,Wagon R 1.0 LXI,998,Yes,Manual,44631,1,Petrol,0,0
2018,Maruti,Ciaz ZETA 1.4 AT PETROL,1373,No,Automatic,85512,1,Petrol,6,12
2022,Maruti,S PRESSO VXI+,998,Yes,Manual,13814,1,Petrol,1,0
2014,Maruti,Swift Dzire VXI,1197,Yes,Manual,124716,1,Petrol,0,0
2018,Maruti,Celerio X ZXI (O) AMT,998,Yes,Automatic,41964,2,Petrol,6,1
2019,Maruti,New Wagon-R VXI (O) 1.0,998,No,Manual,57936,1,Petrol,13,6
2011,Maruti,Wagon R 1.0 LXI,998,No,Manual,85612,1,Petrol,19,12
2015,Maruti,Wagon R 1.0 VXI,998,Yes,Manual,52911,1,Petrol,23,6
2023,Maruti,XL6 ALPHA PLUS MT,1462,Yes,Manual,28161,1,Petrol,1,0
2014,Maruti,Swift Dzire VXI,1197,Yes,Manual,41277,1,Petrol,4,1
2020,Maruti,Vitara Brezza ZXI PLUS AT SHVS,1462,Yes,Automatic,39121,1,Petrol,0,0
2018,Maruti,Celerio X ZXI,998,No,Manual,31440,1,Petrol,15,5
2022,Maruti,XL6 ALPHA PLUS AT,1462,Yes,Automatic,10786,1,Petrol,0,0
2012,Maruti,Wagon R 1.0 LXI,998,Yes,Manual,71136,1,Petrol,29,4
2021,Maruti,Celerio VXI,998,Yes,Manual,45951,2,Petrol,9,12
2016,Maruti,Wagon R 1.0 VXI AMT,998,Yes,Automatic,62835,2,Petrol,4,6
2016,Maruti,Wagon R 1.0 VXI AMT,998,No,Automatic,85873,2,Petrol,23,4
2012,Maruti,Wagon R 1.0 LXI,998,Yes,Manual,63196,1,Petrol,0,0
2012,Maruti,Wagon R 1.0 LXI,998,Yes,Manual,79028,1,Petrol,26,3
2018,Maruti,Celerio X ZXI (O),998,No,Manual,22237,1,Petrol,9,21
2014,Maruti,Wagon R 1.0 LXI CNG,998,Yes,Manual,82634,1,CNG,0,0
2014,Maruti,Swift VXI,1197,No,Manual,55450,2,Petrol,0,0
2019,Maruti,New Wagon-R LXI CNG 1.0,998,No,Manual,63339,2,CNG,0,0
2013,Maruti,Ertiga VXI,1373,No,Manual,48598,1,Petrol,3,1
2016,Maruti,Swift Dzire ZXI,1197,No,Manual,31322,2,Petrol,9,3
2014,Maruti,Swift VXI,1197,Yes,Manual,80409,1,Petrol,0,0
2016,Maruti,Swift VXI,1197,Yes,Manual,75058,1,Petrol,22,2
2014,Maruti,Alto 800 LXI,796,Yes,Manual,60963,1,Petrol,21,7
2017,Maruti,Celerio VXI (O) CNG,998,Yes,Manual,78252,2,CNG,0,0
2017,Maruti,Alto K10 VXI (O) AMT,998,Yes,Automatic,70605,1,Petrol,0,0
2016,Maruti,Alto K10 VXI AMT,998,Yes,Automatic,94154,2,Petrol,8,9
2022,Maruti,Baleno DELTA PETROL 1.2,1197,Yes,Manual,25919,1,Petrol,0,0
2014,Maruti,Swift Dzire VXI,1197,No,Manual,27791,1,Petrol,8,2
2020,Maruti,Celerio VXI (O) CNG,998,Yes,Manual,40609,1,CNG,6,4
2017,Maruti,Ciaz VXI+,1373,No,Manual,62978,1,Petrol,4,2
2017,Maruti,Wagon R 1.0 LXI CNG,998,Yes,Manual,115719,2,CNG,0,0
2017,Maruti,Baleno DELTA PETROL 1.2,1197,No,Manual,27135,1,Petrol,23,2
2014,Maruti,Wagon R 1.0 LXI CNG,998,Yes,Manual,65835,1,CNG,15,11
2018,Maruti,Celerio VXI (O) CNG,998,Yes,Manual,57098,1,CNG,9,1
2017,Maruti,IGNIS ALPHA 1.2,1197,No,Manual,34421,2,Petrol,4,9
2021,Maruti,Baleno ZETA CVT PETROL 1.2,1197,No,Automatic,4744,1,Petrol,0,0
2014,Maruti,Wagon R Stingray VXI,998,No,Manual,80360,2,Petrol,17,7
2019,Maruti,New Wagon-R VXI 1.0 AMT,998,Yes,Automatic,32605,2,Petrol,14,5
2015,Maruti,Wagon R 1.0 VXI,998,No,Manual,43688,1,Petrol,15,9
2017,Maruti,Wagon R 1.0 LXI CNG,998,No,Manual,58845,2,CNG,28,3
2018,Maruti,Ciaz SIGMA 1.4 MT PETROL,1373,No,Manual,23948,1,Petrol,5,1
2018,Maruti,Baleno DELTA PETROL 1.2,1197,Yes,Manual,98346,1,Petrol,7,3
2016,Maruti,Swift VXI,1197,Yes,Manual,62561,1,Petrol,10,5
2020,Maruti,New Wagon-R LXI CNG 1.0,998,Yes,Manual,61137,1,CNG,11,7
2014,Maruti,Alto 800 LXI,796,No,Manual,107619,3,CNG,18,6
2012,Maruti,Swift Dzire VXI,1197,Yes,Manual,64036,1,Petrol,2,4
2013,Maruti,Ertiga VXI CNG,1373,Yes,Manual,69001,1,CNG,8,2
2016,Maruti,Celerio VXI CNG,998,Yes,Manual,10347,1,CNG,17,5
2015,Maruti,Alto K10 VXI AMT,998,Yes,Automatic,31342,2,Petrol,9,3
2015,Maruti,Swift Dzire VDI ABS,1248,Yes,Manual,70911,1,Diesel,11,3
2012,Maruti,Swift VDI,1248,No,Manual,82541,1,Diesel,8,11
2022,Maruti,New Wagon-R ZXI 1.2,1197,Yes,Manual,9464,1,Petrol,10,1
2021,Maruti,Vitara Brezza VXI AT SHVS,1462,Yes,Automatic,17902,1,Petrol,5,1
2020,Maruti,Alto LXI,796,Yes,Manual,37246,2,Petrol,6,3
2013,Maruti,Wagon R 1.0 VXI,998,No,Manual,24588,1,Petrol,17,3
2016,Maruti,Baleno ZETA CVT PETROL 1.2,1197,Yes,Automatic,60938,2,Petrol,19,10
2013,Maruti,Wagon R 1.0 VXI,998,Yes,Manual,60787,2,Petrol,11,1
2021,Maruti,New Wagon-R VXI 1.2,1197,Yes,Manual,7994,1,Petrol,7,4
2018,Maruti,Baleno DELTA PETROL 1.2,1197,Yes,Manual,46150,1,Petrol,19,8
2016,Maruti,Swift VXI,1197,Yes,Manual,8433,2,Petrol,6,6
2013,Maruti,Wagon R 1.0 LXI CNG,998,Yes,Manual,115715,1,CNG,15,2
2023,Maruti,New Wagon-R LXI 1.0,998,Yes,Manual,5169,1,Petrol,7,1
2018,Maruti,Celerio VXI CNG,998,Yes,Manual,99211,1,CNG,16,1
2016,Maruti,Wagon R 1.0 VXI,998,Yes,Manual,36942,2,Petrol,24,4
2023,Maruti,New Wagon-R ZXI 1.2,1197,Yes,Manual,11054,1,Petrol,8,3
2022,Maruti,New Wagon-R LXI 1.0,998,Yes,Manual,20485,1,Petrol,5,6
2019,Maruti,XL6 ZETA AT,1462,Yes,Automatic,48847,2,Petrol,1,0
2017,Maruti,Wagon R 1.0 VXI,998,Yes,Manual,22789,1,Petrol,11,2
2015,Maruti,Swift Dzire ZXI,1197,Yes,Manual,65005,2,Petrol,18,4
2013,Maruti,Wagon R 1.0 VXI,998,Yes,Manual,57444,1,Petrol,35,3
2021,Maruti,Baleno DELTA CVT PETROL 1.2,1197,Yes,Automatic,19045,1,Petrol,2,3
2022,Maruti,Eeco 5 STR STD(O),1197,Yes,Manual,6841,1,Petrol,9,4
2019,Maruti,XL6 ZETA AT,1462,Yes,Automatic,54342,1,Petrol,12,0
2022,Maruti,XL6 ALPHA PLUS MT,1462,Yes,Manual,43830,1,Petrol,3,4
2022,Maruti,XL6 ALPHA PLUS AT,1462,Yes,Automatic,40395,2,Petrol,2,0
2021,Maruti,Baleno ZETA CVT PETROL 1.2,1197,Yes,Automatic,39141,2,Petrol,3,0
2015,Maruti,Swift Dzire VXI,1197,No,Manual,82619,1,Petrol,10,4
2018,Maruti,Ciaz DELTA AT 1.5 SHVS PETROL,1462,Yes,Automatic,45236,2,Petrol,9,5
2015,Maruti,Alto K10 VXI,998,Yes,Manual,75053,1,Petrol,12,7
2020,Maruti,Dzire VXI,1197,Yes,Manual,107988,2,Petrol,0,0
2022,Maruti,XL6 ZETA MT,1462,Yes,Manual,16283,1,Petrol,0,0
2018,Maruti,Alto K10 VXI,998,Yes,Manual,52966,1,Petrol,8,3
2016,Maruti,Baleno DELTA CVT PETROL 1.2,1197,Yes,Automatic,81039,1,Petrol,14,2
2017,Maruti,Wagon R 1.0 VXI,998,Yes,Manual,36674,1,Petrol,14,7
2020,Maruti,Vitara Brezza LXI,1462,Yes,Manual,29871,2,Petrol,9,3
2016,Maruti,Alto 800 LXI,796,No,Manual,29295,1,Petrol,20,4
2019,Maruti,IGNIS DELTA 1.2,1197,Yes,Manual,51244,1,Petrol,12,2
2019,Maruti,Ciaz ALPHA 1.5 SHVS PETROL,1462,Yes,Manual,59733,1,Petrol,7,5
2020,Maruti,Ciaz ALPHA 1.5 SHVS PETROL,1462,No,Manual,26199,1,Petrol,6,0
2017,Maruti,Baleno ZETA CVT PETROL 1.2,1197,Yes,Automatic,42752,1,Petrol,8,3
2022,Maruti,XL6 ZETA MT,1462,Yes,Manual,49458,1,Petrol,4,1
2020,Maruti,Alto VXI,796,No,Manual,27947,2,Petrol,10,0
2020,Maruti,Baleno DELTA PETROL 1.2,1197,Yes,Manual,60935,1,Petrol,11,0
2022,Maruti,Alto LXI O,796,Yes,Manual,13283,1,Petrol,10,1
2017,Maruti,Ciaz ALPHA 1.4 PETROL,1373,Yes,Manual,92386,1,Petrol,17,4
2020,Maruti,Vitara Brezza VXI,1462,No,Manual,24819,1,Petrol,2,0
2013,Maruti,Wagon R Stingray VXI,998,Yes,Manual,70322,2,Petrol,11,4
2019,Maruti,Dzire LXI,1197,Yes,Manual,29453,1,Petrol,15,2
2022,Maruti,Vitara Brezza LXI,1462,Yes,Manual,36045,1,Petrol,3,0
2019,Maruti,Ciaz DELTA AT 1.5 SHVS PETROL,1462,Yes,Automatic,39821,1,Petrol,5,1
2019,Maruti,Dzire LXI,1197,Yes,Manual,33972,1,Petrol,10,5
2019,Maruti,Dzire ZXI PLUS,1197,Yes,Manual,109938,1,Petrol,14,5
2016,Maruti,Wagon R 1.0 VXI AMT,998,Yes,Automatic,21218,1,Petrol,4,4
2022,Maruti,XL6 ALPHA PLUS AT DUAL TONE,1462,Yes,Automatic,6634,1,Petrol,0,0
2019,Maruti,S PRESSO VXI PLUS AMT,998,Yes,Automatic,26471,1,Petrol,7,3
2022,Maruti,Alto VXI,796,No,Manual,27014,1,Petrol,10,2
2019,Maruti,Swift ZXI,1197,Yes,Manual,43834,1,Petrol,11,5
2019,Maruti,Vitara Brezza VDI AMT,1248,Yes,Automatic,86541,1,Diesel,15,1
2017,Maruti,Alto K10 VXI (O) AMT,998,Yes,Automatic,42926,1,Petrol,3,4
2019,Maruti,Swift LXI,1197,No,Manual,57073,1,Petrol,7,15
2021,Maruti,Swift VXI AMT,1197,No,Automatic,11486,1,Petrol,16,5
2018,Maruti,Celerio VXI,998,Yes,Manual,11942,1,Petrol,19,5
2019,Maruti,Swift VXI,1197,Yes,Manual,67091,1,Petrol,13,4
2022,Maruti,Baleno DELTA PETROL 1.2,1197,No,Manual,25782,1,Petrol,8,12
2020,Maruti,Vitara Brezza VXI AT SHVS,1462,Yes,Automatic,30949,1,Petrol,30,11
2018,Maruti,Dzire ZXI AMT,1197,Yes,Automatic,50947,1,Petrol,6,0
2023,Maruti,BREZZA ZXI SMART HYBRID,1462,Yes,Manual,8502,2,Petrol,1,0
2022,Maruti,Swift ZXI PLUS,1197,No,Manual,24626,1,Petrol,34,15
2021,Maruti,IGNIS ALPHA 1.2 AMT,1197,Yes,Automatic,38768,1,Petrol,2,0
2022,Maruti,Swift VXI,1197,No,Manual,35218,1,Petrol,15,5
2022,Maruti,IGNIS DELTA 1.2,1197,Yes,Manual,18015,1,Petrol,8,0
2015,Maruti,Swift Dzire ZXI,1197,Yes,Manual,43488,2,Petrol,31,7
2022,Maruti,Eeco 5 STR AC CNG,1197,Yes,Manual,10783,1,CNG,11,2
2017,Maruti,Celerio VXI AMT,998,No,Automatic,22156,1,Petrol,0,0
2016,Maruti,Swift LXI (O),1197,No,Manual,69235,3,Petrol,0,0
2017,Maruti,Wagon R 1.0 VXI+,998,Yes,Manual,60446,1,Petrol,17,2
2021,Maruti,Dzire ZXI Plus AMT,1197,Yes,Automatic,23264,2,Petrol,11,0
2016,Maruti,Ciaz VXI,1373,Yes,Manual,123772,1,Petrol,36,4
2023,Maruti,IGNIS SIGMA 1.2,1197,Yes,Manual,10469,1,Petrol,7,3
2016,Maruti,Baleno DELTA PETROL 1.2,1197,Yes,Manual,33099,1,Petrol,16,0
2021,Maruti,Alto LXI OPT CNG,796,No,Manual,38458,1,CNG,8,0
2018,Maruti,Alto K10 VXI (O) AMT,998,Yes,Automatic,40632,1,Petrol,16,4
2014,Maruti,Ciaz VXI+,1373,No,Manual,39298,1,Petrol,14,1
2015,Maruti,Alto K10 VXI,998,Yes,Manual,45475,3,Petrol,37,2
2019,Maruti,Vitara Brezza ZDI,1248,No,Manual,102604,1,Diesel,28,0
2019,Maruti,XL6 ZETA AT,1462,Yes,Automatic,62418,2,Petrol,2,6
2019,Maruti,New Wagon-R VXI 1.2,1197,Yes,Manual,19085,1,Petrol,3,3
2023,Maruti,Alto K10 LXI,998,Yes,Manual,14943,1,Petrol,6,0
2016,Maruti,Alto K10 VXI,998,No,Manual,86421,1,Petrol,11,6
2022,Maruti,Ciaz ZETA AT 1.5 SHVS PETROL,1462,Yes,Automatic,24062,1,Petrol,8,3
2017,Maruti,Dzire LXI,1197,Yes,Manual,22148,1,Petrol,14,7
2013,Maruti,Swift LXI,1197,Yes,Manual,61671,1,Petrol,16,3
2021,Maruti,IGNIS ALPHA 1.2,1197,Yes,Manual,30314,1,Petrol,4,8
2019,Maruti,Baleno ZETA PETROL 1.2,1197,Yes,Manual,32866,2,Petrol,1,1
2021,Maruti,Alto LXI,796,No,Manual,8830,1,Petrol,10,4
2020,Maruti,New Wagon-R LXI CNG (O) 1.0,998,Yes,Manual,65081,1,CNG,9,10
2011,Maruti,Wagon R 1.0 LX,998,No,Manual,93282,1,Petrol,35,10
2020,Maruti,Baleno SIGMA PETROL 1.2,1197,Yes,Manual,25069,1,Petrol,6,4
2019,Maruti,Baleno ZETA CVT PETROL 1.2,1197,Yes,Automatic,15895,1,Petrol,10,2
2015,Maruti,Celerio VXI,998,Yes,Manual,75874,1,Petrol,7,1
2021,Maruti,New Wagon-R LXI CNG 1.0,998,No,Manual,43689,1,CNG,23,2
2021,Maruti,IGNIS SIGMA 1.2,1197,No,Manual,25742,1,Petrol,6,4
2018,Maruti,Swift ZXI PLUS,1197,Yes,Manual,27356,2,Petrol,10,0
2020,Maruti,Baleno DELTA PETROL 1.2,1197,No,Manual,27841,1,Petrol,6,3
2017,Maruti,Ciaz ALPHA 1.4 PETROL,1373,Yes,Manual,93015,1,Petrol,19,12
2022,Maruti,New Wagon-R ZXI 1.2,1197,No,Manual,32238,2,Petrol,3,5
2021,Maruti,Vitara Brezza VXI AT SHVS,1462,No,Automatic,57060,1,Petrol,10,10
2021,Maruti,Dzire VXI AMT,1197,No,Automatic,49622,1,Petrol,11,4
2016,Maruti,Celerio VXI,998,Yes,Manual,54080,2,Petrol,11,7
2016,Maruti,Alto 800 LXI,796,Yes,Manual,97698,2,Petrol,14,6
2022,Maruti,Baleno ALPHA 1.2 AGS,1197,Yes,Automatic,27052,1,Petrol,6,6
2015,Maruti,Swift Dzire LXI (O),1197,Yes,Manual,39849,1,Petrol,28,2
2012,Maruti,Swift LXI,1197,Yes,Manual,41942,1,Petrol,23,5
2023,Maruti,Alto K10 VXI,998,No,Manual,21607,1,Petrol,3,6
2011,Maruti,Swift LXI,1197,Yes,Manual,31841,1,Petrol,30,2
2017,Maruti,Wagon R 1.0 VXI,998,No,Manual,43944,1,Petrol,24,10
2016,Maruti,Baleno ALPHA PETROL 1.2,1197,Yes,Manual,89506,1,Petrol,8,7
2015,Maruti,Swift VXI,1197,No,Manual,102460,1,Petrol,6,9
2012,Maruti,Ertiga VXI,1373,Yes,Manual,54751,1,Petrol,24,5
2020,Maruti,Baleno ALPHA CVT PETROL 1.2,1197,Yes,Automatic,15673,1,Petrol,1,3
2018,Maruti,Ciaz SIGMA 1.5 SHVS MT PETROL,1462,Yes,Manual,52662,2,Petrol,15,3
2018,Maruti,Celerio ZXI,998,Yes,Manual,60902,2,Petrol,7,0
2013,Maruti,Swift VXI,1197,Yes,Manual,82496,1,Petrol,25,8
2017,Maruti,Ciaz ALPHA AT 1.4 PETROL,1373,Yes,Automatic,90015,2,CNG,10,6
2016,Maruti,Ciaz ZXI,1373,No,Manual,57286,1,Petrol,8,12
2019,Maruti,Baleno DELTA PETROL 1.2,1197,Yes,Manual,65056,2,Petrol,13,2
2018,Maruti,Baleno ZETA PETROL 1.2,1197,No,Manual,45853,2,Petrol,18,6
2019,Maruti,Celerio VXI,998,Yes,Manual,63194,1,Petrol,19,6
2018,Maruti,Swift ZXI PLUS,1197,Yes,Manual,21574,1,Petrol,6,5
2016,Maruti,Ciaz ZXI+,1373,Yes,Manual,87163,1,Petrol,17,5
2022,Maruti,Baleno ZETA PETROL 1.2,1197,Yes,Manual,12432,1,Petrol,6,2
2021,Maruti,Baleno DELTA PETROL 1.2,1197,No,Manual,41436,1,Petrol,5,9
2019,Maruti,Baleno DELTA PETROL 1.2,1197,No,Manual,47849,2,CNG,14,8
2016,Maruti,Swift LXI,1197,No,Manual,82344,2,Petrol,30,2
2015,Maruti,Swift LXI (O),1197,No,Manual,71287,2,Petrol,29,7
2019,Maruti,IGNIS DELTA 1.2 AMT,1197,Yes,Automatic,8644,1,Petrol,4,1
2018,Maruti,Baleno ZETA CVT PETROL 1.2,1197,Yes,Automatic,54458,2,Petrol,6,4
2015,Maruti,Swift Dzire LXI (O),1197,Yes,Manual,35817,1,Petrol,8,5
2017,Maruti,Baleno DELTA PETROL 1.2,1197,Yes,Manual,47472,1,Petrol,12,5
2022,Maruti,IGNIS ZETA 1.2 AMT,1197,Yes,Automatic,36051,1,Petrol,4,6
2018,Maruti,IGNIS DELTA 1.2 AMT,1197,Yes,Automatic,26662,1,Petrol,2,0
2017,Maruti,Baleno ALPHA PETROL 1.2,1197,Yes,Manual,91549,1,Petrol,37,4
2020,Maruti,S PRESSO VXI+,998,No,Manual,31102,2,Petrol,27,11
2012,Maruti,Swift VXI,1197,No,Manual,34096,1,Petrol,12,15
2019,Maruti,Baleno ZETA PETROL 1.2,1197,Yes,Manual,59602,2,Petrol,15,5
2022,Maruti,Alto VXI,796,No,Manual,2116,1,Petrol,2,0
2016,Maruti,Ciaz ZXI,1373,Yes,Manual,107298,1,Petrol,35,12
2014,Maruti,Swift Dzire ZXI,1197,Yes,Manual,78609,2,Petrol,39,6
2021,Maruti,Baleno DELTA PETROL 1.2,1197,Yes,Manual,33717,1,Petrol,30,11
2016,Maruti,Wagon R 1.0 VXI AMT,998,Yes,Automatic,86692,2,Petrol,4,1
2021,Maruti,Baleno SIGMA PETROL 1.2,1197,No,Manual,20654,1,Petrol,7,5
2016,Maruti,Ciaz VXI,1373,Yes,Manual,60410,1,Petrol,7,2
2015,Maruti,Swift Dzire LXI (O),1197,No,Manual,27571,1,Petrol,0,0
2015,Maruti,Swift VXI,1197,Yes,Manual,59260,1,Petrol,0,0
2015,Maruti,Ciaz VXI+,1373,Yes,Manual,56400,1,Petrol,26,5
2011,Maruti,Swift VXI,1197,No,Manual,48906,1,Petrol,43,8
2014,Maruti,Swift LXI (O),1197,Yes,Manual,72832,1,Petrol,32,7
2020,Maruti,S PRESSO LXI,998,No,Manual,26213,2,Petrol,14,4
2022,Maruti,Ciaz ZETA AT 1.5 SHVS PETROL,1462,Yes,Automatic,21566,1,Petrol,1,0
2017,Maruti,Wagon R 1.0 LXI CNG,998,Yes,Manual,117691,1,CNG,0,0
2017,Maruti,Baleno DELTA PETROL 1.2,1197,Yes,Manual,105428,1,Petrol,27,3
2016,Maruti,Baleno DELTA PETROL 1.2,1197,Yes,Manual,94626,1,Petrol,6,3
2019,Maruti,Celerio ZXI AMT,998,Yes,Automatic,74343,1,Petrol,30,1
2014,Maruti,Wagon R 1.0 LXI,998,No,Manual,32631,1,Petrol,0,0
2016,Maruti,Celerio ZXI AMT,998,No,Automatic,37597,2,Petrol,5,0
2022,Maruti,Ciaz ZETA 1.5 SHVS MT PETROL,1462,Yes,Manual,35472,1,Petrol,25,3
2019,Maruti,Baleno DELTA CVT PETROL 1.2,1197,Yes,Automatic,36124,1,Petrol,10,5
2021,Maruti,Baleno DELTA PETROL 1.2,1197,Yes,Manual,33848,1,Petrol,10,4
2020,Maruti,Baleno ALPHA CVT PETROL 1.2,1197,Yes,Automatic,27579,2,Petrol,12,0
2022,Maruti,Alto VXI,796,Yes,Manual,34574,1,Petrol,15,5
2020,Maruti,New Wagon-R VXI 1.0 AMT,998,No,Automatic,41307,2,Petrol,9,2
2017,Maruti,Baleno DELTA PETROL 1.2,1197,Yes,Manual,29628,1,Petrol,7,1
2019,Maruti,Ciaz ALPHA 1.5 SHVS PETROL,1462,Yes,Manual,41735,1,Petrol,23,8
2020,Maruti,New Wagon-R LXI 1.0,998,Yes,Manual,20914,1,Petrol,4,0
2018,Maruti,Alto 800 LXI O,796,Yes,Manual,68062,1,Petrol,12,2
2022,Maruti,Ciaz ZETA 1.5 SHVS MT PETROL,1462,Yes,Manual,15892,1,Petrol,0,0
2015,Maruti,Baleno ALPHA DIESEL 1.3,1248,Yes,Manual,70867,2,Diesel,28,6
2019,Maruti,Baleno DELTA PETROL 1.2,1197,No,Manual,65533,1,Petrol,24,9
2022,Maruti,New Wagon-R ZXI 1.2,1197,Yes,Manual,13103,1,Petrol,11,0
2018,Maruti,Alto 800 LXI,796,No,Manual,89267,1,Petrol,19,9
2020,Maruti,Alto VXI,796,Yes,Manual,35457,1,Petrol,27,3
2021,Maruti,Baleno DELTA PETROL 1.2,1197,Yes,Manual,29923,1,Petrol,10,4
2011,Maruti,Alto K10 VXI,998,No,Manual,63048,1,Petrol,33,3
2016,Maruti,Alto K10 VXI AMT,998,Yes,Automatic,48331,2,Petrol,8,3
2021,Maruti,Baleno DELTA PETROL 1.2,1197,Yes,Manual,28415,1,Petrol,14,3
2017,Maruti,Celerio VXI CNG,998,No,Manual,103154,1,CNG,0,0
2017,Maruti,Baleno ZETA PETROL 1.2,1197,No,Manual,33665,2,Petrol,23,6
2020,Maruti,Baleno ZETA PETROL 1.2,1197,Yes,Manual,55790,1,Petrol,1,5
2021,Maruti,Baleno DELTA PETROL 1.2,1197,Yes,Manual,25705,1,Petrol,11,5
2019,Maruti,Baleno DELTA PETROL 1.2,1197,No,Manual,35190,1,Petrol,7,5
2019,Maruti,Baleno ZETA PETROL 1.2,1197,Yes,Manual,43478,1,Petrol,22,3
2015,Maruti,Ciaz VXI+,1373,Yes,Manual,109535,1,Petrol,27,13
2017,Maruti,Celerio ZXI AMT (O),998,No,Automatic,41734,1,Petrol,6,11
2020,Maruti,Baleno DELTA PETROL 1.2,1197,No,Manual,60770,1,Petrol,9,3
2018,Maruti,Wagon R 1.0 LXI CNG,998,Yes,Manual,91668,1,CNG,12,7
2018,Maruti,Ciaz SIGMA 1.5 SHVS MT PETROL,1462,Yes,Manual,43343,1,Petrol,10,9
2017,Maruti,Swift LXI (O),1197,Yes,Manual,23582,1,Petrol,11,6
2017,Maruti,Ciaz ALPHA 1.4 PETROL,1373,No,Manual,43537,1,Petrol,13,4
2017,Maruti,Swift LXI (O),1197,Yes,Manual,42401,1,Petrol,15,1
2018,Maruti,Celerio X ZXI (O) AMT,998,No,Automatic,50012,1,Petrol,29,3
2020,Maruti,S PRESSO VXI+,998,Yes,Manual,18442,1,Petrol,7,1
2015,Maruti,Baleno DELTA PETROL 1.2,1197,Yes,Manual,69216,1,Petrol,25,16
2018,Maruti,Wagon R 1.0 LXI CNG,998,Yes,Manual,87192,1,CNG,11,9
2015,Maruti,Ciaz VXI+,1373,Yes,Manual,119077,1,Petrol,27,7
2011,Maruti,Swift VXI,1197,Yes,Manual,68075,1,Petrol,30,6
2019,Maruti,Ciaz DELTA 1.5 SHVS MT PETROL,1462,Yes,Manual,46573,1,Petrol,20,2
2022,Maruti,Dzire ZXI CNG,1197,Yes,Manual,47217,2,CNG,8,5
2022,Maruti,New Wagon-R VXI (O) 1.2,1197,No,Manual,12195,1,Petrol,4,0
2020,Maruti,New Wagon-R LXI 1.0,998,No,Manual,24266,1,Petrol,8,1
2018,Maruti,Ciaz ALPHA AT 1.5 SHVS PETROL,1462,Yes,Automatic,104059,1,Petrol,32,4
2020,Maruti,S PRESSO VXI+,998,Yes,Manual,15966,1,Petrol,7,0
2018,Maruti,Dzire LXI,1197,Yes,Manual,38776,1,Petrol,0,0
2022,Maruti,S PRESSO VXI+,998,Yes,Manual,21688,2,Petrol,1,0
2019,Maruti,Ciaz ALPHA 1.5 SHVS PETROL,1462,Yes,Manual,27877,1,Petrol,7,8
2017,Maruti,Celerio VXI AMT,998,Yes,Automatic,80495,1,Petrol,33,6
2020,Maruti,New Wagon-R LXI CNG (O) 1.0,998,Yes,Manual,72472,1,CNG,25,4
2017,Maruti,Baleno ZETA PETROL 1.2,1197,Yes,Manual,29508,2,Petrol,14,0
2015,Maruti,Wagon R Stingray VXI,998,No,Manual,66325,1,Petrol,19,2
2019,Maruti,Ciaz SIGMA 1.5 SHVS MT PETROL,1462,No,Manual,66068,1,Petrol,14,2
2020,Maruti,Baleno ZETA PETROL 1.2,1197,Yes,Manual,35495,1,Petrol,15,0
2019,Maruti,Baleno ZETA PETROL 1.2,1197,Yes,Manual,21221,1,Petrol,5,4
2011,Maruti,Swift VXI,1197,Yes,Manual,28803,1,Petrol,0,0
2017,Maruti,Swift LXI (O),1197,Yes,Manual,47968,1,Petrol,15,5
2020,Maruti,Baleno ZETA PETROL 1.2,1197,Yes,Manual,31845,1,Petrol,11,6
2019,Maruti,Baleno ALPHA CVT PETROL 1.2,1197,Yes,Automatic,47915,2,Petrol,24,3
2020,Maruti,S PRESSO LXI,998,Yes,Manual,30651,1,Petrol,6,2
2018,Maruti,Baleno ZETA CVT PETROL 1.2,1197,Yes,Automatic,36969,1,Petrol,12,2
2022,Maruti,New Wagon-R VXI 1.0 AMT,998,Yes,Automatic,22666,1,Petrol,19,0
2011,Maruti,Wagon R 1.0 VXI,998,No,Manual,31824,3,Petrol,20,5
2017,Maruti,Baleno DELTA PETROL 1.2,1197,Yes,Manual,41801,1,Petrol,13,5
2018,Maruti,Ciaz DELTA 1.4 AT PETROL,1373,Yes,Automatic,46722,2,Petrol,9,12
2017,Maruti,Swift ZXI,1197,No,Manual,68287,1,Petrol,30,7
2017,Maruti,Baleno DELTA PETROL 1.2,1197,No,Manual,31714,1,Petrol,12,5
2017,Maruti,Baleno ZETA CVT PETROL 1.2,1197,No,Automatic,69002,1,Petrol,21,5
2020,Maruti,Baleno DELTA PETROL 1.2,1197,Yes,Manual,59534,1,CNG,9,2
2014,Maruti,Wagon R 1.0 VXI,998,Yes,Manual,72090,1,Petrol,21,4
2018,Maruti,Baleno DELTA CVT PETROL 1.2,1197,No,Automatic,70189,1,Petrol,15,9
2016,Maruti,Celerio ZXI AMT (O),998,Yes,Automatic,47493,1,Petrol,10,0
2014,Maruti,Wagon R 1.0 LXI,998,Yes,Manual,53117,1,Petrol,0,0
2018,Maruti,Baleno ZETA CVT PETROL 1.2,1197,No,Automatic,18854,1,Petrol,6,3
2020,Maruti,Baleno DELTA PETROL 1.2,1197,No,Manual,38482,1,Petrol,2,6
2019,Maruti,Ciaz DELTA AT 1.5 SHVS PETROL,1462,Yes,Automatic,52112,1,Petrol,1,4
2018,Maruti,Ciaz ALPHA 1.5 SHVS PETROL,1462,Yes,Manual,76460,2,Petrol,8,3
2011,Maruti,Ritz VXI,1197,Yes,Manual,43506,1,Petrol,0,0
2022,Maruti,Alto LXI O,796,Yes,Manual,13185,1,Petrol,8,0
2016,Maruti,Celerio VXI AMT,998,Yes,Automatic,68891,1,Petrol,0,0
2012,Maruti,Swift Dzire VXI,1197,Yes,Manual,43425,2,Petrol,0,0
2012,Maruti,Swift Dzire VXI,1197,Yes,Manual,51629,1,Petrol,35,12
2018,Maruti,Wagon R 1.0 LXI CNG,998,No,Manual,80107,3,CNG,0,0
2016,Maruti,Celerio ZXI AMT,998,Yes,Automatic,84574,1,Petrol,10,8
2014,Maruti,Ciaz ZXI,1373,Yes,Manual,81914,1,Petrol,5,3
2013,Maruti,Swift Dzire VXI,1197,Yes,Manual,82487,2,Petrol,0,0
2019,Maruti,New Wagon-R VXI 1.2 AMT,1197,Yes,Automatic,12716,1,Petrol,23,2
2014,Maruti,Wagon R 1.0 LXI,998,No,Manual,64539,2,Petrol,0,0
2015,Maruti,Baleno ALPHA PETROL 1.2,1197,Yes,Manual,33752,1,Petrol,24,8
2019,Maruti,Ciaz DELTA AT 1.5 SHVS PETROL,1462,Yes,Automatic,31431,1,Petrol,17,3
2019,Maruti,S PRESSO VXI PLUS AMT,998,No,Automatic,28660,1,Petrol,10,3
2012,Maruti,Swift Dzire VXI,1197,No,Manual,48618,1,Petrol,29,9
2021,Maruti,S PRESSO VXI (O),998,Yes,Manual,15360,1,Petrol,27,3
2013,Maruti,Swift Dzire LXI,1197,Yes,Manual,36474,1,Petrol,0,0
2018,Maruti,Celerio X ZXI (O) AMT,998,Yes,Automatic,54533,2,Petrol,9,4
2012,Maruti,Wagon R 1.0 LXI,998,No,Manual,32625,1,Petrol,13,6
2014,Maruti,Swift Dzire ZXI,1197,Yes,Manual,62656,1,Petrol,7,5
2014,Maruti,Wagon R 1.0 LXI,998,No,Manual,65520,1,Petrol,18,5
2021,Maruti,S PRESSO VXI+,998,Yes,Manual,12058,1,Petrol,9,2
2012,Maruti,Swift Dzire VXI,1197,No,Manual,54292,1,Petrol,31,10
2019,Maruti,Dzire ZXI AMT,1197,Yes,Automatic,80139,1,Petrol,17,7
2017,Maruti,Ciaz ALPHA 1.4 PETROL,1373,Yes,Manual,77919,1,Petrol,21,6
2018,Maruti,Ciaz ZETA 1.4 AT PETROL,1373,Yes,Automatic,119884,1,Petrol,9,8
2020,Maruti,Baleno ZETA PETROL 1.2,1197,Yes,Manual,58514,1,Petrol,8,1
2015,Maruti,Ciaz VXI+,1373,Yes,Manual,94923,1,Petrol,21,7
2016,Maruti,Celerio ZXI AMT,998,Yes,Automatic,65734,1,Petrol,14,0
2021,Maruti,S PRESSO VXI PLUS AMT,998,Yes,Automatic,27032,1,Petrol,9,1
2011,Maruti,Ritz LXI,1197,No,Manual,41367,1,Petrol,0,0
2017,Maruti,Ciaz ZETA 1.4 AT PETROL,1373,Yes,Automatic,91528,1,Petrol,32,7
2020,Maruti,Alto VXI,796,Yes,Manual,20288,1,Petrol,4,3
2022,Maruti,S PRESSO VXI+,998,Yes,Manual,12690,1,Petrol,4,0
2015,Maruti,Baleno DELTA PETROL 1.2,1197,No,Manual,69308,1,Petrol,23,8
2014,Maruti,Wagon R 1.0 VXI,998,Yes,Manual,65948,2,Petrol,12,9
2022,Maruti,IGNIS SIGMA 1.2,1197,Yes,Manual,35102,1,Petrol,7,1
2020,Maruti,Ciaz S 1.5 MT PETROL,1462,Yes,Manual,24961,1,Petrol,10,1
2018,Maruti,Dzire LXI,1197,Yes,Manual,58159,1,Petrol,13,2
2019,Maruti,Baleno SIGMA PETROL 1.2,1197,Yes,Manual,60326,1,Petrol,0,0
2022,Maruti,Baleno ALPHA 1.2 AGS,1197,Yes,Automatic,5527,1,Petrol,1,0
2016,Maruti,Baleno DELTA CVT PETROL 1.2,1197,Yes,Automatic,56124,1,Petrol,9,4
2017,Maruti,Alto 800 VXI,796,No,Manual,26537,1,Petrol,16,6
2014,Maruti,Alto K10 VXI AMT,998,Yes,Automatic,71297,1,Petrol,5,3
2023,Maruti,Swift VXI,1197,Yes,Manual,10050,2,Petrol,15,0
2022,Maruti,Celerio VXI,998,No,Manual,12708,1,Petrol,9,2
2021,Maruti,IGNIS SIGMA 1.2,1197,Yes,Manual,17472,1,Petrol,11,9
2023,Maruti,BREZZA ZXI SMART HYBRID,1462,Yes,Manual,7048,1,Petrol,3,0
2023,Maruti,Baleno ZETA PETROL 1.2,1197,Yes,Manual,18868,1,CNG,6,5
2015,Maruti,Ciaz VXI+,1373,Yes,Manual,45312,1,Petrol,30,4
2022,Maruti,S Cross SIGMA 1.5,1462,No,Manual,15983,1,Petrol,6,1
2019,Maruti,Celerio VXI CNG,998,Yes,Manual,60076,1,CNG,0,0
2017,Maruti,Dzire LXI,1197,Yes,Manual,22263,1,Petrol,0,0
2019,Maruti,Vitara Brezza VDI AMT,1248,No,Automatic,59343,2,Diesel,5,5
2018,Maruti,Dzire LXI,1197,Yes,Manual,59288,1,Petrol,0,0
2019,Maruti,Eeco 5 STR WITH A/C+HTR CNG,1196,Yes,Manual,62412,2,CNG,3,10
2013,Maruti,Alto K10 LXI,998,Yes,Manual,19685,1,Petrol,3,0
2020,Maruti,Celerio LXI (O),998,Yes,Manual,54485,1,Petrol,31,6
2019,Maruti,IGNIS SIGMA 1.2,1197,No,Manual,20189,1,Petrol,4,6
2022,Maruti,New Wagon-R LXI CNG 1.0,998,Yes,Manual,6799,1,CNG,2,1
2017,Maruti,IGNIS ZETA 1.2,1197,Yes,Manual,84544,2,Petrol,6,1
2012,Maruti,Ertiga LXI,1373,Yes,Manual,52584,2,Petrol,31,6
2015,Maruti,Swift LXI (O),1197,Yes,Manual,65365,1,Petrol,0,0
2017,Maruti,Celerio VXI,998,Yes,Manual,56638,1,Petrol,0,0
2020,Maruti,Baleno ZETA PETROL 1.2,1197,Yes,Manual,36095,2,Petrol,9,1
2016,Maruti,Alto K10 VXI AMT,998,No,Automatic,77786,3,Petrol,10,4
2015,Maruti,Ciaz VXI,1373,Yes,Manual,56050,1,Petrol,12,0
2018,Maruti,Wagon R 1.0 LXI CNG,998,Yes,Manual,56257,1,CNG,0,0
2017,Maruti,Swift LXI (O),1197,Yes,Manual,88225,1,CNG,0,0
2023,Maruti,New Wagon-R LXI 1.0,998,Yes,Manual,2440,1,Petrol,3,3
2018,Maruti,Ciaz DELTA 1.5 SHVS MT PETROL,1462,Yes,Manual,51690,1,Petrol,18,1
2020,Maruti,New Wagon-R LXI CNG (O) 1.0,998,Yes,Manual,67693,1,CNG,23,4
2017,Maruti,Wagon R 1.0 VXI,998,No,Manual,43451,2,Petrol,16,0
2015,Maruti,Wagon R 1.0 VXI,998,Yes,Manual,46592,1,Petrol,33,6
2021,Maruti,Baleno ZETA PETROL 1.2,1197,Yes,Manual,39686,1,Petrol,1,6
2017,Maruti,Baleno ZETA PETROL 1.2,1197,No,Manual,83664,1,Petrol,14,0
2022,Maruti,New Wagon-R VXI CNG 1.0,998,Yes,Manual,38261,1,CNG,6,7
2017,Maruti,Wagon R 1.0 VXI+ AMT,998,Yes,Automatic,40144,1,Petrol,10,0
2017,Maruti,Celerio VXI CNG,998,Yes,Manual,116413,1,CNG,0,0
2019,Maruti,New Wagon-R LXI CNG (O) 1.0,998,Yes,Manual,48593,1,CNG,19,3
2014,Maruti,Wagon R 1.0 LXI,998,No,Manual,57918,2,Petrol,0,0
2020,Maruti,S PRESSO VXI CNG,998,Yes,Manual,64311,1,CNG,9,4
2012,Maruti,Swift ZXI,1197,Yes,Manual,55346,1,Petrol,25,9
2014,Maruti,Ciaz VXI,1373,Yes,Manual,58200,1,Petrol,27,6
2020,Maruti,Dzire VXI,1197,Yes,Manual,30892,1,Petrol,5,2
2017,Maruti,Alto K10 VXI (O) AMT,998,Yes,Automatic,49080,1,Petrol,17,3
2020,Maruti,S PRESSO LXI,998,No,Manual,39522,1,Petrol,3,3
2017,Maruti,Swift LXI (O),1197,Yes,Manual,61039,1,Petrol,15,1
2016,Maruti,Alto 800 LXI,796,Yes,Manual,17816,1,Petrol,3,4
2021,Maruti,Baleno DELTA PETROL 1.2,1197,Yes,Manual,7386,1,Petrol,4,0
2020,Maruti,IGNIS ZETA 1.2,1197,Yes,Manual,65122,1,Petrol,6,5
2020,Maruti,Swift ZXI AMT,1197,Yes,Automatic,40126,1,Petrol,6,2
2020,Maruti,S PRESSO VXI CNG,998,Yes,Manual,75502,1,CNG,20,3
2023,Maruti,Swift VXI,1197,Yes,Manual,14887,1,Petrol,11,7
2023,Maruti,Swift LXI,1197,Yes,Manual,11194,1,Petrol,3,0
2019,Maruti,Swift VXI,1197,No,Manual,42091,2,Petrol,10,8
2017,Maruti,Wagon R 1.0 LXI CNG,998,Yes,Manual,81370,1,CNG,4,11
2021,Maruti,Swift LXI,1197,No,Manual,24003,2,Petrol,3,4
2014,Maruti,Celerio VXI AMT,998,Yes,Automatic,58808,2,Petrol,13,3
2021,Maruti,Vitara Brezza VXI AT SHVS,1462,Yes,Automatic,29125,2,Petrol,3,0
2022,Maruti,Celerio VXI CNG,998,No,Manual,23928,1,CNG,9,0
2019,Maruti,Swift ZXI PLUS AMT,1197,Yes,Automatic,40276,2,Petrol,4,1
2018,Maruti,Swift LXI,1197,Yes,Manual,53062,1,Petrol,22,7
2015,Maruti,Alto 800 VXI,796,Yes,Manual,67219,2,Petrol,9,6
2016,Maruti,Alto K10 LXI,998,Yes,Manual,37983,1,Petrol,6,8
2016,Maruti,Wagon R 1.0 VXI,998,Yes,Manual,121389,1,Petrol,27,0
2019,Maruti,Eeco 5 STR WITH A/C+HTR,1196,Yes,Manual,43731,1,Petrol,4,9
2016,Maruti,Alto 800 LXI,796,No,Manual,89853,1,Petrol,25,7
2020,Maruti,Baleno DELTA PETROL 1.2,1197,No,Manual,27940,2,Petrol,7,0
2014,Maruti,Ritz VXI,1197,Yes,Manual,57273,1,Petrol,0,0
2020,Maruti,Baleno ALPHA PETROL 1.2,1197,Yes,Manual,66093,2,Petrol,21,6
2019,Maruti,Baleno ZETA CVT PETROL 1.2,1197,Yes,Automatic,22779,2,Petrol,2,3
2017,Maruti,Baleno DELTA CVT PETROL 1.2,1197,No,Automatic,50509,1,Petrol,24,2
2018,Maruti,Wagon R 1.0 LXI CNG,998,Yes,Manual,72457,1,CNG,7,9
2018,Maruti,IGNIS DELTA 1.2 AMT,1197,Yes,Automatic,100481,1,CNG,15,4
2019,Maruti,New Wagon-R ZXI 1.2,1197,Yes,Manual,34898,1,Petrol,11,4
2017,Maruti,Baleno ALPHA PETROL 1.2,1197,Yes,Manual,65806,1,Petrol,28,6
2023,Maruti,New Wagon-R LXI CNG 1.0,998,Yes,Manual,14131,1,CNG,6,1
2020,Maruti,S PRESSO VXI+,998,Yes,Manual,29987,1,Petrol,7,2
2022,Maruti,IGNIS DELTA 1.2,1197,Yes,Manual,17745,1,Petrol,1,1
2017,Maruti,Swift VXI,1197,Yes,Manual,87820,1,Petrol,10,6
2018,Maruti,Swift VXI,1197,Yes,Manual,36970,1,Petrol,6,9
2011,Maruti,Alto K10 VXI,998,No,Manual,83452,1,Petrol,27,5
2017,Maruti,Ciaz ZETA 1.4 MT PETROL,1373,Yes,Manual,33161,1,Petrol,5,3
2018,Maruti,Swift ZXI AMT,1197,No,Automatic,60275,2,Petrol,13,7
2018,Maruti,Dzire VXI,1197,No,Manual,30781,2,Petrol,7,11
2016,Maruti,Vitara Brezza ZDI,1248,Yes,Manual,81814,2,Diesel,21,5
2021,Maruti,Swift VXI,1197,Yes,Manual,31851,1,Petrol,12,2
2020,Maruti,Baleno ZETA CVT PETROL 1.2,1197,Yes,Automatic,34551,2,Petrol,5,7
2021,Maruti,New Wagon-R VXI 1.2,1197,Yes,Manual,16495,1,Petrol,8,0
2019,Maruti,New Wagon-R ZXI 1.2 AMT,1197,No,Automatic,32226,1,Petrol,3,0
2019,Maruti,Alto VXI,796,Yes,Manual,16511,2,Petrol,13,7
2022,Maruti,Ciaz ZETA 1.5 SHVS MT PETROL,1462,Yes,Manual,46533,2,Petrol,13,0
2017,Maruti,Alto 800 LXI,796,Yes,Manual,23280,1,Petrol,0,0
2018,Maruti,Baleno ALPHA CVT PETROL 1.2,1197,Yes,Automatic,53792,1,Petrol,19,3
2023,Maruti,S PRESSO VXI+,998,No,Manual,19602,1,Petrol,3,0
2018,Maruti,Celerio ZXI,998,No,Manual,97537,2,Petrol,27,2
2022,Maruti,S PRESSO VXI (O),998,No,Manual,37808,1,Petrol,12,3
2021,Maruti,S PRESSO VXI+,998,Yes,Manual,21839,2,Petrol,6,2
2017,Maruti,Celerio X ZXI (O) AMT,998,Yes,Automatic,65272,2,Petrol,13,5
2017,Maruti,Ciaz ALPHA 1.4 PETROL,1373,Yes,Manual,33499,2,Petrol,20,3
2018,Maruti,Ciaz ALPHA 1.5 SHVS PETROL,1462,Yes,Manual,73050,1,Petrol,23,1
2016,Maruti,Swift VXI,1197,Yes,Manual,70948,3,Petrol,17,4
2017,Maruti,Baleno DELTA CVT PETROL 1.2,1197,Yes,Automatic,49352,1,Petrol,19,0
2022,Maruti,Baleno DELTA PETROL 1.2,1197,No,Manual,19025,1,Petrol,9,4
2023,Maruti,BREZZA ZXI SMART HYBRID,1462,No,Manual,8264,1,Petrol,10,0
2020,Maruti,Dzire ZXI Plus,1197,Yes,Manual,62438,1,Petrol,4,4
2013,Maruti,Wagon R 1.0 VXI,998,Yes,Manual,66819,1,Petrol,21,8
2023,Maruti,BREZZA ZXI SMART HYBRID,1462,No,Manual,8727,1,Petrol,4,0
2022,Maruti,Celerio ZXI PLUS,998,No,Manual,16952,1,Petrol,7,2
2020,Maruti,Vitara Brezza ZXI,1462,No,Manual,49739,1,Petrol,19,8
2018,Maruti,Celerio VXI AMT,998,Yes,Automatic,119383,1,Petrol,26,10
2016,Maruti,Swift VDI ABS,1248,Yes,Manual,95343,2,Diesel,27,9
2017,Maruti,IGNIS ZETA 1.2,1197,No,Manual,79548,2,Petrol,14,4
2014,Maruti,Alto K10 VXI,998,No,Manual,50925,2,Petrol,14,4
2018,Maruti,Eeco 5 STR WITH A/C+HTR,1196,No,Manual,89906,1,Petrol,11,9
2017,Maruti,Baleno DELTA CVT PETROL 1.2,1197,No,Automatic,68932,1,Petrol,21,6
2018,Maruti,Ciaz ALPHA AT 1.4 PETROL,1373,No,Automatic,77543,1,Petrol,10,8
2016,Maruti,Baleno DELTA PETROL 1.2,1197,Yes,Manual,57417,1,Petrol,14,4
2022,Maruti,Swift ZXI PLUS DUAL TONE,1197,No,Manual,44513,1,Petrol,11,4
2017,Maruti,Alto 800 LXI,796,Yes,Manual,56946,1,Petrol,7,1
2019,Maruti,Alto LXI,796,No,Manual,35479,2,Petrol,20,8
2016,Maruti,Swift Dzire ZDI AMT,1248,Yes,Automatic,88396,2,Diesel,28,5
2019,Maruti,New Wagon-R ZXI 1.2,1197,No,Manual,29420,2,Petrol,10,3
2018,Maruti,Baleno ALPHA CVT PETROL 1.2,1197,Yes,Automatic,59613,2,Petrol,17,1
2017,Maruti,Dzire VXI,1197,Yes,Manual,86069,2,Petrol,26,14
2021,Maruti,S PRESSO VXI PLUS AMT,998,No,Automatic,18880,2,Petrol,6,0
2021,Maruti,New Wagon-R VXI (O) 1.0,998,No,Manual,6549,1,Petrol,5,1
2022,Maruti,Alto VXI,796,No,Manual,19497,1,Petrol,7,5
2020,Maruti,Baleno ALPHA CVT PETROL 1.2,1197,Yes,Automatic,72538,1,Petrol,6,8
2023,Maruti,New Wagon-R ZXI PLUS 1.2 AMT,1197,Yes,Automatic,20335,1,Petrol,9,4
2016,Maruti,Wagon R 1.0 VXI (O) AMT,998,Yes,Automatic,74308,1,Petrol,29,1
2022,Maruti,Alto VXI PLUS,796,No,Manual,7184,1,Petrol,3,0
2017,Maruti,Baleno RS 1.0 PETROL,998,No,Manual,90881,1,Petrol,24,1
2018,Maruti,Celerio ZXI AMT,998,No,Automatic,85129,1,Petrol,16,6
2020,Maruti,S PRESSO VXI PLUS AMT,998,Yes,Automatic,40092,2,Petrol,6,6
2018,Maruti,IGNIS DELTA 1.2,1197,Yes,Manual,81794,1,Petrol,2,0
2020,Maruti,Baleno ZETA CVT PETROL 1.2,1197,No,Automatic,70579,2,Petrol,22,2
2019,Maruti,Celerio VXI AMT,998,Yes,Automatic,70604,1,Petrol,14,9
2018,Maruti,Alto 800 LXI,796,No,Manual,35716,1,Petrol,14,8
2017,Maruti,Baleno ZETA CVT PETROL 1.2,1197,Yes,Automatic,29975,1,Petrol,7,2
2017,Maruti,Wagon R 1.0 VXI,998,No,Manual,55485,1,Petrol,9,0
2018,Maruti,Ciaz DELTA 1.5 SHVS MT PETROL,1462,No,Manual,78170,2,Petrol,12,3
2019,Maruti,Alto LXI,796,No,Manual,53567,2,Petrol,9,5
2023,Maruti,S PRESSO VXI+,998,No,Manual,14243,1,Petrol,4,4
2020,Maruti,S PRESSO VXI+,998,Yes,Manual,23216,1,Petrol,9,0
2017,Maruti,Alto K10 VXI,998,Yes,Manual,70222,1,Petrol,25,11
2019,Maruti,New Wagon-R VXI (O) 1.2 AMT,1197,No,Automatic,98073,1,Petrol,10,13
2017,Maruti,Baleno ZETA CVT PETROL 1.2,1197,No,Automatic,78967,1,Petrol,11,7
2021,Maruti,S PRESSO VXI+,998,No,Manual,10432,1,Petrol,1,1
2022,Maruti,New Wagon-R ZXI 1.2,1197,No,Manual,17243,1,Petrol,7,0
2022,Maruti,Celerio ZXI PLUS,998,Yes,Manual,58811,1,Petrol,3,1
2014,Maruti,Swift Dzire VXI,1197,No,Manual,55989,2,Petrol,0,0
2016,Maruti,Swift VXI,1197,No,Manual,69898,1,Petrol,13,3
2015,Maruti,Celerio VXI,998,No,Manual,59745,1,Petrol,16,10
2020,Maruti,New Wagon-R ZXI 1.2,1197,No,Manual,35706,1,Petrol,10,2
2018,Maruti,Celerio ZXI AMT (O),998,Yes,Automatic,72164,1,Petrol,3,0
2018,Maruti,Ciaz ALPHA 1.4 PETROL,1373,No,Manual,66598,1,Petrol,6,2
2020,Maruti,S PRESSO VXI+,998,Yes,Manual,14896,2,Petrol,12,1
2020,Maruti,S PRESSO VXI+,998,No,Manual,27608,1,Petrol,13,0
2015,Maruti,Swift VXI,1197,Yes,Manual,59471,3,Petrol,4,7
2013,Maruti,Alto 800 VXI,796,Yes,Manual,79677,2,Petrol,12,18
2016,Maruti,Alto 800 LXI O,796,Yes,Manual,70249,1,Petrol,0,0
2019,Maruti,Alto VXI,796,Yes,Manual,17290,1,Petrol,35,5
2022,Maruti,Celerio ZXI,998,Yes,Manual,20313,1,Petrol,7,1
2019,Maruti,S PRESSO VXI AMT,998,No,Automatic,20840,1,Petrol,9,3
2023,Maruti,New Wagon-R ZXI 1.2,1197,Yes,Manual,5098,1,Petrol,12,2
2022,Maruti,S PRESSO VXI+,998,Yes,Manual,15094,1,Petrol,4,1
2019,Maruti,Alto VXI,796,Yes,Manual,21999,1,Petrol,0,0
2020,Maruti,New Wagon-R ZXI 1.2 AMT,1197,No,Automatic,52423,1,Petrol,10,1
2018,Maruti,Dzire VXI,1197,Yes,Manual,73333,2,Petrol,12,6
2022,Maruti,Swift VXI,1197,No,Manual,15176,1,Petrol,18,5
2022,Maruti,Swift VXI,1197,No,Manual,31947,1,Petrol,13,3
2021,Maruti,S PRESSO VXI AMT,998,Yes,Automatic,12067,1,Petrol,11,7
2016,Maruti,Baleno DELTA PETROL 1.2,1197,Yes,Manual,27297,1,Petrol,5,4
2021,Maruti,Swift VXI,1197,No,Manual,58463,1,Petrol,8,9
2022,Maruti,Swift VXI,1197,No,Manual,45808,1,Petrol,6,0
2023,Maruti,Dzire VXI,1197,No,Manual,2462,1,Petrol,4,0
2019,Maruti,Baleno ALPHA PETROL 1.2,1197,No,Manual,76024,2,Petrol,11,8
2018,Maruti,Dzire ZXI PLUS AMT,1197,Yes,Automatic,24902,2,Petrol,30,1
2013,Maruti,Wagon R 1.0 VXI,998,Yes,Manual,29532,2,Petrol,10,3
2017,Maruti,IGNIS ZETA 1.2 AMT,1197,Yes,Automatic,113744,1,Petrol,12,8
2018,Maruti,Dzire ZXI PLUS,1197,Yes,Manual,61641,1,Petrol,6,5
2017,Maruti,Ciaz ALPHA 1.4 PETROL,1373,No,Manual,77367,2,Petrol,21,2
2016,Maruti,Swift VXI,1197,Yes,Manual,67466,1,Petrol,2,2
2018,Maruti,Baleno ZETA PETROL 1.2,1197,Yes,Manual,62367,1,Petrol,15,3
2016,Maruti,Swift VXI,1197,No,Manual,86609,1,Petrol,13,7
2021,Maruti,Alto LXI O,796,Yes,Manual,2632,1,Petrol,6,1
2020,Maruti,Alto LXI,796,No,Manual,5093,1,Petrol,2,0
2017,Maruti,IGNIS SIGMA 1.2,1197,No,Manual,51920,1,Petrol,18,8
2022,Maruti,Celerio VXI CNG,998,Yes,Manual,31366,1,CNG,7,1
2016,Maruti,Baleno ZETA PETROL 1.2,1197,No,Manual,80251,1,Petrol,24,6
2017,Maruti,Ciaz ALPHA 1.4 PETROL,1373,Yes,Manual,80422,1,Petrol,13,0
2019,Maruti,S PRESSO VXI PLUS AMT,998,Yes,Automatic,54226,1,Petrol,20,1
2021,Maruti,Celerio ZXI AMT,998,No,Automatic,48061,1,Petrol,9,4
2020,Maruti,New Wagon-R ZXI 1.2 AMT,1197,No,Automatic,28300,1,Petrol,14,1
2020,Maruti,Ciaz DELTA 1.5 SHVS MT PETROL,1462,Yes,Manual,38299,1,Petrol,13,4
2018,Maruti,Ciaz ALPHA AT 1.4 PETROL,1373,No,Automatic,40101,1,Petrol,10,3
2020,Maruti,Alto LXI,796,Yes,Manual,24744,1,Petrol,28,12
2019,Maruti,Swift VXI,1197,No,Manual,77467,1,Petrol,11,3
2019,Maruti,Alto LXI,796,No,Manual,43424,1,Petrol,11,2
2018,Maruti,Alto K10 VXI AMT,998,Yes,Automatic,85701,1,Petrol,21,9
2014,Maruti,Celerio VXI,998,Yes,Manual,70820,2,Petrol,16,9
2019,Maruti,Alto LXI,796,No,Manual,41155,1,Petrol,17,5
2014,Maruti,Swift VXI,1197,Yes,Manual,32533,1,Petrol,8,2
2019,Maruti,New Wagon-R VXI (O) 1.0,998,No,Manual,49904,1,Petrol,3,6
2017,Maruti,Wagon R 1.0 VXI,998,Yes,Manual,22526,1,Petrol,0,0
2018,Maruti,Baleno ALPHA CVT PETROL 1.2,1197,No,Automatic,24368,2,Petrol,1,2
2017,Maruti,IGNIS ZETA 1.2 AMT,1197,Yes,Automatic,51952,2,Petrol,3,1
2015,Maruti,Celerio ZXI,998,Yes,Manual,69645,1,Petrol,10,6
2017,Maruti,Ertiga VXI,1373,Yes,Manual,32897,1,Petrol,11,6
2016,Maruti,Swift Dzire ZXI,1197,Yes,Manual,57333,1,Petrol,6,0
2022,Maruti,XL6 ZETA MT,1462,No,Manual,59304,1,Petrol,1,0
2014,Maruti,Swift VXI,1197,No,Manual,73239,1,Petrol,15,4
2017,Maruti,Ciaz ALPHA 1.4 PETROL,1373,Yes,Manual,43129,1,Petrol,8,0
2017,Maruti,Baleno ALPHA CVT PETROL 1.2,1197,No,Automatic,80229,1,Petrol,8,1
2018,Maruti,IGNIS ZETA 1.2,1197,Yes,Manual,92528,2,Petrol,6,10
2023,Maruti,IGNIS ZETA 1.2,1197,Yes,Manual,19575,1,Petrol,4,0
2012,Maruti,Alto 800 LXI,796,Yes,Manual,33134,1,Petrol,22,1
2015,Maruti,Swift VXI,1197,No,Manual,34673,1,Petrol,0,0
2020,Maruti,Ciaz SIGMA 1.5 SHVS MT PETROL,1462,No,Manual,31444,1,Petrol,1,0
2013,Maruti,Swift VDI,1248,No,Manual,96413,1,Diesel,0,0
2012,Maruti,Swift VXI,1197,Yes,Manual,64557,1,Petrol,0,0
2017,Maruti,IGNIS ZETA 1.2 AMT,1197,Yes,Automatic,22456,2,Petrol,13,4
2023,Maruti,Grand Vitara SIGMA SMART HYBRID,1462,Yes,Manual,20888,1,Petrol,1,0
2014,Maruti,Swift VXI,1197,No,Manual,70716,1,Petrol,0,0
2011,Maruti,Swift VXI,1197,No,Manual,64003,1,Petrol,13,5
2017,Maruti,Vitara Brezza VDI (O),1248,No,Manual,109407,1,Diesel,35,5
2019,Maruti,Baleno ZETA PETROL 1.2,1197,No,Manual,54029,1,Petrol,14,3
2017,Maruti,Wagon R 1.0 VXI,998,No,Manual,51689,2,Petrol,10,0
2017,Maruti,Celerio ZXI,998,No,Manual,38004,2,Petrol,19,1
2017,Maruti,Baleno ALPHA PETROL 1.2,1197,No,Manual,46751,1,Petrol,3,3
2022,Maruti,Grand Vitara ALPHA SMART HYBRID ALLGRIP,1462,Yes,Manual,14358,1,Petrol,3,0
2021,Maruti,IGNIS SIGMA 1.2,1197,No,Manual,39945,1,Petrol,4,2
2018,Maruti,Swift VXI AMT,1197,Yes,Automatic,57341,1,Petrol,3,0
2020,Maruti,Ertiga ZXI AT SHVS,1462,Yes,Automatic,43181,1,Petrol,6,0
2019,Maruti,Swift ZXI,1197,Yes,Manual,32730,2,Petrol,14,1
2022,Maruti,Ertiga ZXI AT SHVS,1462,Yes,Automatic,29126,1,Petrol,2,0
2021,Maruti,Ertiga VXI AT SHVS,1462,Yes,Automatic,33525,1,Petrol,0,0
2015,Maruti,Ciaz ZXI AT,1373,No,Automatic,83683,2,Petrol,14,5
2014,Maruti,Ciaz ZXI,1373,Yes,Manual,70337,1,Petrol,22,9
2014,Maruti,OMNI E STD,796,No,Manual,64243,1,Petrol,25,3
2017,Maruti,Swift ZXI,1197,Yes,Manual,57560,1,Petrol,22,5
2016,Maruti,Swift Dzire ZXI,1197,Yes,Manual,86301,2,Petrol,3,0
2023,Maruti,New Wagon-R ZXI 1.2,1197,Yes,Manual,2896,1,Petrol,6,6
2013,Maruti,Swift Dzire VXI,1197,Yes,Manual,59700,3,Petrol,0,0
2020,Maruti,New Wagon-R VXI (O) 1.2,1197,Yes,Manual,66530,1,Petrol,16,4
2016,Maruti,Ertiga VDI SHVS,1248,Yes,Manual,94438,1,Diesel,20,9
2016,Maruti,Vitara Brezza ZDI,1248,No,Manual,91544,1,Diesel,7,4
2013,Maruti,Wagon R Stingray VXI,998,No,Manual,97830,2,Petrol,25,4
2017,Maruti,IGNIS ZETA 1.2,1197,No,Manual,47285,1,Petrol,8,1
2016,Maruti,Swift VXI,1197,No,Manual,53462,1,Petrol,0,0
2021,Maruti,IGNIS ALPHA 1.2 AMT,1197,No,Automatic,29003,1,Petrol,1,0
2019,Maruti,Alto 800 LXI,796,Yes,Manual,39868,1,Petrol,2,1
2022,Maruti,New Wagon-R ZXI 1.2,1197,Yes,Manual,8524,1,Petrol,1,0
2017,Maruti,IGNIS ZETA 1.2 AMT,1197,No,Automatic,95525,2,Petrol,3,5
2017,Maruti,Baleno ALPHA PETROL 1.2,1197,No,Manual,81548,1,Petrol,16,4
2017,Maruti,Dzire ZXI PLUS AMT,1197,Yes,Automatic,105779,1,Petrol,25,3
2011,Maruti,Ritz VDI,1248,Yes,Manual,72644,1,Diesel,0,0
2015,Maruti,Celerio VXI,998,No,Manual,39773,1,Petrol,6,1
2013,Maruti,Swift VDI,1248,No,Manual,93871,3,Diesel,0,0
2019,Maruti,Celerio X ZXI (O) AMT,998,Yes,Automatic,27215,2,Petrol,19,2
2018,Maruti,Baleno ALPHA DIESEL 1.3,1248,No,Manual,82882,1,Diesel,19,8
2023,Maruti,Alto K10 VXI PLUS,998,No,Manual,8882,1,Petrol,6,4
2021,Maruti,IGNIS DELTA 1.2 AMT,1197,No,Automatic,31951,1,Petrol,4,6
2020,Maruti,New Wagon-R VXI (O) 1.2,1197,Yes,Manual,15178,1,Petrol,8,1
2016,Maruti,Swift VXI,1197,Yes,Manual,69995,1,Petrol,10,1
2016,Maruti,Baleno ZETA PETROL 1.2,1197,Yes,Manual,29641,1,Petrol,1,3
2021,Maruti,S PRESSO VXI AMT,998,No,Automatic,9677,2,Petrol,6,1
2015,Maruti,Wagon R 1.0 VXI,998,Yes,Manual,49078,2,Petrol,20,0
2014,Maruti,Swift ZXI,1197,No,Manual,41074,1,Petrol,29,5
2021,Maruti,XL6 ALPHA AT,1462,Yes,Automatic,38819,1,Petrol,6,1
2019,Maruti,Baleno ZETA PETROL 1.2,1197,Yes,Manual,59228,1,Petrol,23,6
2019,Maruti,Baleno ALPHA CVT PETROL 1.2,1197,No,Automatic,65568,2,Petrol,10,2
2020,Maruti,Ciaz ALPHA 1.5 SHVS PETROL,1462,No,Manual,52878,2,Petrol,11,2
2011,Maruti,Zen Estilo VXI,998,No,Manual,69568,2,Petrol,12,0
2015,Maruti,Baleno DELTA DIESEL 1.3,1248,No,Manual,63916,2,Diesel,8,1
2017,Maruti,Dzire ZXI PLUS AMT,1197,Yes,Automatic,67275,2,Petrol,8,7
2019,Maruti,Celerio ZXI AMT (O),998,No,Automatic,23686,2,Petrol,7,2
2014,Maruti,Celerio VXI AMT,998,Yes,Automatic,14522,2,Petrol,5,0
2018,Maruti,Dzire VXI,1197,Yes,Manual,19437,1,Petrol,8,1
2018,Maruti,Celerio VXI (O),998,No,Manual,69515,1,Petrol,8,2
2017,Maruti,Baleno DELTA CVT PETROL 1.2,1197,Yes,Automatic,79589,1,Petrol,0,0
2014,Maruti,Swift Dzire VDI,1248,Yes,Manual,89284,1,Diesel,31,3
2016,Maruti,S Cross ZETA 1.3,1248,No,Manual,78922,2,Diesel,14,3
2014,Maruti,Ritz VXI,1197,No,Manual,73631,2,Petrol,0,0
2017,Maruti,IGNIS DELTA 1.2,1197,No,Manual,56427,1,Petrol,15,2
2016,Maruti,Ciaz ZXI+,1373,Yes,Manual,75940,1,Petrol,15,2
2012,Maruti,Swift Dzire VXI,1197,Yes,Manual,104807,3,Petrol,0,0
2021,Maruti,Celerio ZXI PLUS AGS,998,Yes,Automatic,45807,1,Petrol,11,4
2019,Maruti,Dzire VXI,1197,No,Manual,58029,1,Petrol,2,0
2020,Maruti,Swift ZXI PLUS AMT,1197,No,Automatic,38807,2,Petrol,6,2
2014,Maruti,Swift ZXI,1197,Yes,Manual,56168,1,Petrol,18,0
2016,Maruti,Ciaz ZXI AT,1373,Yes,Automatic,66695,1,Petrol,17,8
2019,Maruti,Ciaz SIGMA 1.5 SHVS MT PETROL,1462,No,Manual,12567,1,Petrol,6,1
2017,Maruti,Swift VXI,1197,No,Manual,77191,2,Petrol,0,0
2017,Maruti,Dzire VDI AMT,1248,No,Automatic,77413,2,Diesel,9,6
2011,Maruti,Swift Dzire VXI,1197,No,Manual,61266,1,Petrol,10,6
2017,Maruti,Baleno ZETA PETROL 1.2,1197,Yes,Manual,22396,2,Petrol,14,7
2016,Maruti,Wagon R 1.0 VXI AMT,998,Yes,Automatic,69324,1,Petrol,19,4
2022,Maruti,Celerio ZXI PLUS,998,No,Manual,28788,1,Petrol,9,0
2012,Maruti,Swift VXI,1197,No,Manual,97699,1,Petrol,0,0
2010,Maruti,A Star LXI,998,No,Manual,103867,2,Petrol,35,10
2019,Maruti,Baleno ALPHA PETROL 1.2,1197,Yes,Manual,36932,1,Petrol,17,1
2016,Maruti,Ciaz ZXI AT,1373,No,Automatic,96520,2,Petrol,13,9
2021,Maruti,Celerio ZXI PLUS,998,No,Manual,22245,1,Petrol,11,2
2014,Maruti,Alto K10 VXI,998,No,Manual,49599,1,Petrol,5,0
2011,Maruti,Wagon R 1.0 VXI,998,No,Manual,53178,3,Petrol,31,2
2022,Maruti,New Wagon-R ZXI 1.2 AMT,998,Yes,Automatic,27743,1,Petrol,0,0
2018,Maruti,Celerio ZXI AMT (O),998,No,Automatic,43407,1,Petrol,19,4
2012,Maruti,A Star VXI,998,No,Manual,71079,1,Petrol,13,0
2020,Maruti,Ciaz DELTA 1.5 SHVS MT PETROL,1462,No,Manual,60741,1,Petrol,9,2
2020,Maruti,Ciaz ALPHA AT 1.5 SHVS PETROL,1462,No,Automatic,12867,1,Petrol,2,0
2019,Maruti,Dzire ZXI AMT,1197,Yes,Automatic,28533,2,Petrol,5,3
2014,Maruti,Swift VXI,1197,No,Manual,71516,1,Petrol,0,0
2013,Maruti,Swift VXI,1197,No,Manual,27532,1,Petrol,0,0
2016,Maruti,Ciaz ZXI,1373,No,Manual,68199,2,Petrol,8,5
2015,Maruti,Wagon R 1.0 VXI,998,Yes,Manual,110669,1,Petrol,34,3
2019,Maruti,New Wagon-R VXI 1.0 AMT,998,No,Automatic,30598,1,Petrol,14,4
2015,Maruti,Ertiga ZXI,1373,No,Manual,46440,1,Petrol,3,1
2018,Maruti,Swift ZXI PLUS,1197,No,Manual,64747,1,Petrol,15,1
2018,Maruti,IGNIS ALPHA 1.2 AMT,1197,Yes,Automatic,43456,2,Petrol,5,2
2011,Maruti,Swift VXI,1197,Yes,Manual,104553,1,Petrol,25,13
2018,Maruti,Baleno ALPHA CVT PETROL 1.2,1197,Yes,Automatic,26277,2,Petrol,6,1
2014,Maruti,Alto K10 LXI,998,Yes,Manual,63792,1,Petrol,0,0
2017,Maruti,Wagon R 1.0 VXI AMT,998,No,Automatic,36404,2,Petrol,7,9
2015,Maruti,Ciaz ZXI,1373,Yes,Manual,97889,2,Petrol,41,11
2016,Maruti,Celerio VXI,998,No,Manual,29309,2,Petrol,5,2
2012,Maruti,Swift Dzire VDI,1248,No,Manual,110904,2,Diesel,32,11
2015,Maruti,Swift VXI,1197,No,Manual,74945,3,Petrol,19,0
2013,Maruti,Swift VDI,1248,No,Manual,97837,3,Diesel,0,0
2023,Maruti,New Wagon-R VXI 1.0 AMT,998,Yes,Automatic,8230,1,Petrol,0,0
2019,Maruti,New Wagon-R VXI 1.0 AMT,998,Yes,Automatic,67526,1,Petrol,11,0
2016,Maruti,Wagon R 1.0 VXI AMT,998,No,Automatic,48043,1,Petrol,10,2
2015,Maruti,Swift VXI,1197,No,Manual,40348,2,Petrol,14,0
2022,Maruti,Ciaz ALPHA 1.5 SHVS PETROL,1462,Yes,Manual,14772,1,Petrol,0,0
2020,Maruti,Ciaz ALPHA AT 1.5 SHVS PETROL,1462,No,Automatic,70110,1,Petrol,0,0
2014,Maruti,Wagon R 1.0 VXI,998,No,Manual,35720,1,Petrol,7,1
2019,Maruti,Ciaz ALPHA AT 1.5 SHVS PETROL,1462,No,Automatic,29041,2,Petrol,2,1
2018,Maruti,Dzire VXI,1197,No,Manual,38445,1,Petrol,10,3
2011,Maruti,Wagon R 1.0 VXI,998,No,Manual,79659,1,Petrol,6,13
2017,Maruti,Baleno ZETA PETROL 1.2,1197,No,Manual,23573,1,Petrol,4,1
2016,Maruti,Celerio VXI,998,No,Manual,77319,1,Petrol,28,7
2021,Maruti,Celerio ZXI PLUS,998,No,Manual,8254,1,Petrol,5,0
2023,Maruti,Alto K10 VXI PLUS AMT,998,Yes,Automatic,6675,2,Petrol,1,1
2014,Maruti,Celerio VXI AMT,998,Yes,Automatic,10558,1,Petrol,2,4
2023,Maruti,Ertiga ZXI+ AT SHVS,1462,No,Automatic,11016,1,Petrol,0,0
2015,Maruti,Wagon R 1.0 VXI,998,Yes,Manual,77640,1,Petrol,11,3
2013,Maruti,Alto K10 VXI,998,No,Manual,24202,1,Petrol,33,6
2016,Maruti,Wagon R 1.0 VXI AMT,998,No,Automatic,38333,1,Petrol,3,1
2023,Maruti,Alto K10 VXI AMT,998,No,Automatic,3136,1,Petrol,1,0
2020,Maruti,S PRESSO VXI+,998,Yes,Manual,21196,1,Petrol,5,0
2021,Maruti,Baleno ZETA CVT PETROL 1.2,1197,No,Automatic,26477,2,Petrol,3,0
2019,Maruti,Swift ZXI AMT,1197,No,Automatic,21955,1,Petrol,12,0
2022,Maruti,Dzire VXI AMT,1197,Yes,Automatic,16023,1,Petrol,9,0
2013,Maruti,Alto 800 VXI,796,No,Manual,46661,1,Petrol,16,3
2022,Maruti,Dzire ZXI Plus AMT,1197,No,Automatic,24567,1,Petrol,3,0
2017,Maruti,IGNIS ZETA 1.2 AMT,1197,No,Automatic,68890,1,Petrol,10,7
2012,Maruti,Swift Dzire ZXI,1197,Yes,Manual,36201,1,Petrol,27,3
2011,Maruti,Wagon R 1.0 VXI,998,Yes,Manual,34408,2,Petrol,6,3
2018,Maruti,Celerio ZXI AMT (O),998,Yes,Automatic,80488,2,Petrol,10,6
2017,Maruti,Celerio ZXI AMT,998,Yes,Automatic,113666,1,Petrol,20,1
2023,Maruti,S PRESSO VXI PLUS (O) AMT,998,Yes,Automatic,7370,1,Petrol,3,0
2016,Maruti,Swift VXI,1197,Yes,Manual,70649,1,Petrol,0,0
2018,Maruti,Ciaz DELTA 1.5 SHVS MT PETROL,1462,No,Manual,42483,1,Petrol,14,4
2016,Maruti,Alto K10 VXI (O),998,No,Manual,19613,2,Petrol,12,7
2015,Maruti,Ertiga ZDI,1248,No,Manual,57858,1,Diesel,10,2
2017,Maruti,Baleno ZETA PETROL 1.2,1197,Yes,Manual,48247,1,Petrol,6,8
2023,Maruti,S PRESSO VXI (O) AMT,998,Yes,Automatic,11631,1,Petrol,2,0
2019,Maruti,Celerio VXI AMT (O),998,No,Automatic,66087,1,Petrol,1,5
2016,Maruti,Celerio ZXI AMT,998,Yes,Automatic,51729,1,Petrol,6,0
2020,Maruti,S PRESSO VXI AMT,998,No,Automatic,18350,2,Petrol,5,0
2015,Maruti,Wagon R 1.0 VXI AMT,998,No,Automatic,38523,1,Petrol,8,5
2015,Maruti,Wagon R 1.0 VXI,998,Yes,Manual,27184,2,Petrol,18,2
2019,Maruti,Ciaz ALPHA AT 1.5 SHVS PETROL,1462,Yes,Automatic,49968,1,Petrol,6,2
2012,Maruti,Swift VDI,1248,No,Manual,96264,2,Diesel,0,0
2016,Maruti,Swift VXI,1197,No,Manual,92616,2,Petrol,14,2
2017,Maruti,Celerio VXI,998,No,Manual,37599,1,Petrol,0,0
2014,Maruti,Celerio VXI AMT,998,Yes,Automatic,75385,2,Petrol,1,0
2022,Maruti,S PRESSO VXI+,998,Yes,Manual,6410,1,Petrol,2,0
2021,Maruti,S PRESSO VXI+,998,No,Manual,34267,2,Petrol,10,1
2012,Maruti,Alto K10 VXI,998,Yes,Manual,71979,1,Petrol,8,4
2014,Maruti,Ciaz VDI,1248,No,Manual,86623,2,Diesel,42,10
2013,Maruti,Swift Dzire VXI,1197,No,Manual,106215,2,Petrol,0,0
2016,Maruti,Ciaz ZXI+,1373,No,Manual,34800,2,Petrol,19,9
2018,Maruti,Ertiga ZDI + SHVS,1248,No,Manual,69668,1,Diesel,16,0
2018,Maruti,Ciaz ALPHA 1.4 PETROL,1373,No,Manual,49559,2,Petrol,4,1
2018,Maruti,Baleno DELTA CVT PETROL 1.2,1197,No,Automatic,36967,1,Petrol,2,0
2014,Maruti,Celerio VXI AMT,998,Yes,Automatic,71320,1,Petrol,0,0
2021,Maruti,Alto VXI PLUS,796,Yes,Manual,28158,1,Petrol,4,1
2013,Maruti,Wagon R 1.0 VXI,998,No,Manual,40896,1,Petrol,10,5
2021,Maruti,Celerio ZXI AMT,998,No,Automatic,20754,1,Petrol,3,0
2016,Maruti,Celerio VXI AMT (O),998,No,Automatic,62383,1,Petrol,0,0
2022,Maruti,Alto K10 VXI PLUS,998,No,Manual,13847,1,Petrol,4,0
2017,Maruti,Alto K10 VXI,998,No,Manual,13628,1,Petrol,28,4
2017,Maruti,Baleno ALPHA PETROL 1.2,1197,No,Manual,57040,1,Petrol,10,4
2019,Maruti,Ciaz ALPHA AT 1.5 SHVS PETROL,1462,No,Automatic,41774,1,Petrol,4,0
2017,Maruti,Wagon R 1.0 VXI AMT,998,Yes,Automatic,84182,2,Petrol,18,1
2016,Maruti,Celerio VXI AMT (O),998,No,Automatic,62447,1,Petrol,11,1
2016,Maruti,Baleno ZETA CVT PETROL 1.2,1197,Yes,Automatic,91417,2,Petrol,11,4
2019,Maruti,S PRESSO VXI (O),998,No,Manual,44848,1,Petrol,18,1
2018,Maruti,Ciaz ZETA 1.4 AT PETROL,1373,No,Automatic,50334,2,Petrol,22,5
2019,Maruti,New Wagon-R VXI 1.2 AMT,1197,No,Automatic,16416,2,Petrol,7,0
2018,Maruti,Celerio ZXI AMT,998,No,Automatic,35370,1,Petrol,13,1
2015,Maruti,Celerio ZXI,998,No,Manual,31672,1,Petrol,6,3
2021,Maruti,Alto VXI PLUS,796,No,Manual,29878,2,Petrol,4,0
2021,Maruti,Baleno DELTA CVT PETROL 1.2,1197,Yes,Automatic,19123,1,Petrol,0,0
2023,Maruti,IGNIS ZETA 1.2 AMT,1197,Yes,Automatic,4714,1,Petrol,1,0
2018,Maruti,Swift VXI,1197,No,Manual,37330,2,Petrol,14,5
2023,Maruti,Swift VXI,1197,Yes,Manual,9075,1,Petrol,2,0
2022,Maruti,Baleno ZETA PETROL 1.2,1197,Yes,Manual,34474,1,Petrol,0,0
2011,Maruti,Swift Dzire VDI,1248,No,Manual,110407,2,Diesel,11,7
2022,Maruti,Swift ZXI PLUS AMT DUAL TONE,1197,Yes,Automatic,31459,1,Petrol,23,4
2018,Maruti,Swift ZXI AMT,1197,No,Automatic,44996,1,Petrol,7,2
2017,Maruti,Ciaz DELTA 1.4 MT PETROL,1373,Yes,Manual,94757,1,Petrol,16,7
2021,Maruti,Baleno DELTA CVT PETROL 1.2,1197,No,Automatic,32596,2,Petrol,7,8
2020,Maruti,Vitara Brezza ZXI PLUS AT SHVS,1462,No,Automatic,50421,1,Petrol,2,0
2016,Maruti,Baleno DELTA PETROL 1.2,1197,No,Manual,72633,1,Petrol,6,4
2011,Maruti,Swift VXI,1197,No,Manual,86282,2,Petrol,0,0
2019,Maruti,Baleno DELTA PETROL 1.2,1197,No,Manual,24160,1,Petrol,7,0
2018,Maruti,Celerio ZXI AMT (O),998,Yes,Automatic,95626,2,Petrol,5,0
2015,Maruti,Celerio VXI AMT,998,No,Automatic,29628,1,Petrol,12,6
2012,Maruti,Ertiga ZDI,1248,Yes,Manual,106213,1,Diesel,19,6
2017,Maruti,Swift VXI,1197,No,Manual,37343,1,Petrol,11,8
2016,Maruti,Celerio ZXI AMT,998,No,Automatic,43855,1,Petrol,13,0
2015,Maruti,Celerio VXI AMT,998,No,Automatic,52643,1,Petrol,13,1
2020,Maruti,Alto LXI O,796,Yes,Manual,2598,1,Petrol,6,5
2011,Maruti,Alto K10 VXI,998,No,Manual,109991,2,Petrol,29,10
2013,Maruti,Ertiga VXI,1373,Yes,Manual,51980,1,Petrol,5,6
2018,Maruti,Baleno DELTA PETROL 1.2,1197,Yes,Manual,45037,2,Petrol,22,18
2022,Maruti,Ertiga VXI SHVS,1462,No,Manual,9884,1,Petrol,2,1
2013,Maruti,Ertiga ZXI,1373,No,Manual,92460,2,Petrol,6,4
2020,Maruti,S PRESSO VXI PLUS AMT,998,No,Automatic,18106,1,Petrol,6,0
2017,Maruti,Alto K10 VXI,998,No,Manual,72033,1,Petrol,19,11
2019,Maruti,Celerio ZXI AMT (O),998,No,Automatic,56397,1,Petrol,4,1
2017,Maruti,Baleno RS 1.0 PETROL,998,No,Manual,36274,1,Petrol,3,0
2018,Maruti,Celerio VXI AMT (O),998,No,Automatic,10280,1,Petrol,2,0
2016,Maruti,Ciaz ZXI+,1373,No,Manual,68828,1,Petrol,9,0
2014,Maruti,Swift VXI,1197,No,Manual,75750,2,Petrol,20,0
2014,Maruti,Swift Dzire ZXI,1197,No,Manual,32287,1,Petrol,4,2
2019,Maruti,Baleno DELTA PETROL 1.2,1197,Yes,Manual,20945,1,Petrol,2,0
2017,Maruti,Alto K10 VXI (O) AMT,998,No,Automatic,32880,2,Petrol,2,0
2018,Maruti,Eeco 5 STR WITH A/C+HTR,1196,No,Manual,66374,1,Petrol,8,0
2018,Maruti,Swift VXI,1197,No,Manual,26638,2,Petrol,3,0
2015,Maruti,Ciaz VXI+,1373,No,Manual,95738,2,Petrol,10,9
2021,Maruti,Swift VXI,1197,No,Manual,13228,1,Petrol,15,0
2018,Maruti,Celerio X VXI (O),998,No,Manual,39995,3,Petrol,12,8
2012,Maruti,Omni 5 STR,796,Yes,Manual,37089,1,Petrol,21,2
2015,Maruti,Celerio VXI,998,No,Manual,46241,2,Petrol,1,1
2016,Maruti,Baleno ZETA CVT PETROL 1.2,1197,Yes,Automatic,83635,3,Petrol,5,11
2016,Maruti,Swift ZXI,1197,Yes,Manual,74061,2,Petrol,11,4
2023,Maruti,Baleno ALPHA 1.2 AGS,1197,No,Automatic,5154,1,Petrol,2,0
2018,Maruti,Ciaz ALPHA 1.5 SHVS PETROL,1462,Yes,Manual,91521,1,Petrol,26,5
2016,Maruti,Swift VXI,1197,No,Manual,44499,2,Petrol,8,4
2021,Maruti,Baleno DELTA PETROL 1.2,1197,No,Manual,17079,1,Petrol,8,0
2017,Maruti,Ciaz ZXI+ AT,1373,No,Automatic,73371,1,Petrol,8,2
2021,Maruti,Vitara Brezza ZXI PLUS AT SHVS,1462,No,Automatic,22250,1,Petrol,6,0
2014,Maruti,Swift VXI,1197,Yes,Manual,89872,1,Petrol,11,9
2021,Maruti,S PRESSO LXI,998,Yes,Manual,35273,1,Petrol,13,2
2019,Maruti,Swift ZXI PLUS,1197,Yes,Manual,25462,1,Petrol,7,1
2018,Maruti,Swift ZXI AMT,1197,Yes,Automatic,54397,1,Petrol,5,3
2022,Maruti,Dzire ZXI Plus AMT,1197,Yes,Automatic,9369,1,Petrol,7,0
2018,Maruti,Baleno RS 1.0 PETROL,998,No,Manual,61005,1,Petrol,16,6
2018,Maruti,Swift VXI AMT,1197,Yes,Automatic,29219,1,Petrol,13,3
2016,Maruti,Ciaz ZDI SHVS,1248,Yes,Manual,60384,2,Diesel,15,3
2014,Maruti,Ertiga VXI,1373,No,Manual,92745,2,Petrol,15,3
2017,Maruti,Baleno ALPHA PETROL 1.2,1197,No,Manual,49591,1,Petrol,0,0
2016,Maruti,Baleno ALPHA PETROL 1.2,1197,Yes,Manual,27306,1,Petrol,6,2
2014,Maruti,Alto K10 VXI,998,No,Manual,99832,2,Petrol,36,2
2016,Maruti,Celerio ZXI AMT,998,Yes,Automatic,28404,2,Petrol,8,3
2018,Maruti,Ciaz DELTA DIESEL 1.3,1248,No,Manual,80245,2,Diesel,6,0
2016,Maruti,Alto K10 VXI (O) AMT,998,Yes,Automatic,30851,1,Petrol,15,6
2017,Maruti,Alto K10 VXI (O) AMT,998,Yes,Automatic,17897,1,Petrol,9,0
2013,Maruti,Wagon R 1.0 VXI,998,No,Manual,76286,1,Petrol,16,4
2016,Maruti,Wagon R 1.0 VXI,998,Yes,Manual,30478,1,Petrol,10,2
2018,Maruti,Celerio ZXI,998,No,Manual,39085,1,Petrol,22,4
2016,Maruti,Alto K10 VXI (O) AMT,998,No,Automatic,15385,1,Petrol,7,1
2015,Maruti,Swift Dzire ZXI,1197,No,Manual,30728,1,Petrol,8,2
2016,Maruti,Ertiga VDI SHVS,1248,No,Manual,39774,1,Diesel,7,1
2019,Maruti,New Wagon-R VXI (O) 1.2 AMT,1197,Yes,Automatic,16796,2,Petrol,6,1
2016,Maruti,Celerio ZXI (O),998,Yes,Manual,16385,2,Petrol,4,2
2018,Maruti,IGNIS SIGMA 1.2,1197,No,Manual,73809,1,Petrol,4,1
2016,Maruti,Baleno ZETA PETROL 1.2,1197,No,Manual,47679,2,Petrol,1,4
2019,Maruti,New Wagon-R VXI 1.2 AMT,1197,No,Automatic,13515,2,Petrol,2,0
2014,Maruti,Alto 800 LXI,796,No,Manual,56977,2,Petrol,5,7
2021,Maruti,Vitara Brezza LXI,1462,Yes,Manual,29865,1,Petrol,1,1
2018,Maruti,Wagon R 1.0 VXI,998,No,Manual,89536,1,CNG,7,5
2023,Maruti,Alto LXI OPT CNG,796,Yes,Manual,18726,1,CNG,2,1
2020,Maruti,Dzire VXI,1197,Yes,Manual,81469,1,Petrol,0,0
2020,Maruti,Dzire VXI,1197,Yes,Manual,70958,1,Petrol,6,6
2021,Maruti,Alto VXI,796,Yes,Manual,18403,2,Petrol,1,1
2020,Maruti,Baleno DELTA PETROL 1.2,1197,Yes,Manual,39992,1,Petrol,3,1
2019,Maruti,Ciaz DELTA 1.5 SHVS MT PETROL,1462,Yes,Manual,43437,1,Petrol,2,3
2023,Maruti,Baleno ALPHA PETROL 1.2,1197,Yes,Manual,22213,1,Petrol,5,0
2018,Maruti,IGNIS DELTA 1.2,1197,Yes,Manual,34558,1,Petrol,5,2
2022,Maruti,Alto LXI O,796,Yes,Manual,24676,1,Petrol,2,0
2022,Maruti,Celerio ZXI,998,Yes,Manual,16915,1,Petrol,2,0
2022,Maruti,Ciaz S 1.5 MT PETROL,1462,Yes,Manual,27376,2,Petrol,0,0
2017,Maruti,Ciaz ZETA 1.4 MT PETROL,1373,Yes,Manual,53155,1,Petrol,6,2
2017,Maruti,Baleno ALPHA PETROL 1.2,1197,Yes,Manual,76378,1,Petrol,1,7
2022,Maruti,IGNIS SIGMA 1.2,1197,No,Manual,14787,1,Petrol,1,1
2021,Maruti,Baleno ZETA PETROL 1.2,1197,Yes,Manual,27957,1,Petrol,11,2
2018,Maruti,Ciaz DELTA DIESEL 1.3,1248,No,Manual,96173,2,Diesel,7,1
2017,Maruti,Dzire VDI,1248,Yes,Manual,60592,2,Diesel,4,0
2019,Maruti,Baleno ALPHA CVT PETROL 1.2,1197,Yes,Automatic,14032,2,Petrol,5,0
2014,Maruti,Swift VXI,1197,Yes,Manual,124105,1,CNG,0,0
2020,Maruti,Swift ZXI PLUS AMT,1197,Yes,Automatic,45992,1,Petrol,2,5
2014,Maruti,Celerio VXI AMT,998,No,Automatic,106679,1,Petrol,29,10
2021,Maruti,Swift ZXI PLUS AMT DUAL TONE,1197,No,Automatic,24487,1,Petrol,8,5
2020,Maruti,Ciaz ALPHA AT 1.5 SHVS PETROL,1462,Yes,Automatic,45058,1,Petrol,1,0
2022,Maruti,Alto LXI OPT CNG,796,Yes,Manual,21422,1,CNG,1,2
2017,Maruti,Alto 800 LXI,796,No,Manual,110866,3,Petrol,0,0
2016,Maruti,Vitara Brezza VDI,1248,Yes,Manual,86345,2,Diesel,0,0
2014,Maruti,Wagon R 1.0 VXI,998,Yes,Manual,99572,1,Petrol,25,3
2022,Maruti,BREZZA ZXI SMART HYBRID,1462,Yes,Manual,13425,1,Petrol,0,0
2023,Maruti,Alto K10 VXI PLUS,998,Yes,Manual,10106,1,Petrol,3,0
2016,Maruti,Wagon R 1.0 VXI,998,Yes,Manual,73723,2,Petrol,26,15
2018,Maruti,Dzire VXI,1197,Yes,Manual,86832,2,Petrol,10,5
2018,Maruti,Alto K10 VXI,998,Yes,Manual,46028,2,Petrol,14,9
2020,Maruti,Dzire VXI,1197,Yes,Manual,61231,2,Petrol,3,5
2017,Maruti,Ciaz SIGMA DIESEL 1.3,1248,Yes,Manual,121126,1,Diesel,30,6
2019,Maruti,Alto LXI,796,No,Manual,64745,1,Petrol,0,0
2020,Maruti,Alto VXI,796,Yes,Manual,32946,1,Petrol,7,5
2012,Maruti,Wagon R 1.0 LXI,998,No,Manual,83474,1,Petrol,0,0
2016,Maruti,Ciaz VXI+,1373,Yes,Manual,54635,1,Petrol,3,9
2017,Maruti,IGNIS SIGMA 1.2,1197,No,Manual,51758,2,Petrol,12,8
2023,Maruti,Baleno ALPHA PETROL 1.2,1197,No,Manual,10731,1,Petrol,0,0
2016,Maruti,Vitara Brezza ZDI,1248,Yes,Manual,88267,1,Diesel,5,2
2022,Maruti,Baleno ALPHA 1.2 AGS,1197,Yes,Automatic,8368,2,Petrol,8,2
2016,Maruti,Ciaz ZXI+ RS,1248,Yes,Manual,40789,1,Petrol,32,5
2021,Maruti,Ciaz ALPHA 1.5 SHVS PETROL,1462,Yes,Manual,11395,1,Petrol,13,4
2022,Maruti,Alto K10 LXI,998,Yes,Manual,10776,1,Petrol,4,2
2017,Maruti,Alto 800 LXI,796,Yes,Manual,34461,1,Petrol,0,0
2017,Maruti,Celerio X ZXI,998,No,Manual,104045,1,Petrol,0,0
2022,Maruti,Baleno ZETA PETROL 1.2,1197,Yes,Manual,12276,1,Petrol,0,0
2020,Maruti,Alto LXI,796,Yes,Manual,29588,2,Petrol,3,6
2020,Maruti,Celerio VXI (O) CNG,998,No,Manual,44011,1,CNG,0,0
2019,Maruti,Baleno DELTA PETROL 1.2,1197,No,Manual,19224,1,Petrol,4,0
2016,Maruti,Baleno DELTA PETROL 1.2,1197,No,Manual,71982,1,Petrol,8,4
2021,Maruti,Baleno DELTA PETROL 1.2,1197,Yes,Manual,23479,1,Petrol,1,4
2020,Maruti,New Wagon-R LXI CNG 1.0,998,No,Manual,29795,1,CNG,1,3
2017,Maruti,Dzire VDI,1248,Yes,Manual,70959,1,Diesel,36,8
2019,Maruti,New Wagon-R VXI 1.2 AMT,1197,Yes,Automatic,27734,1,Petrol,7,2
2016,Maruti,Swift Dzire VXI,1197,Yes,Manual,47275,2,Petrol,11,4
2020,Maruti,S PRESSO VXI PLUS AMT,998,Yes,Automatic,66068,2,Petrol,6,1
2017,Maruti,Baleno DELTA PETROL 1.2,1197,Yes,Manual,71220,2,Petrol,1,0
2021,Maruti,Baleno ZETA PETROL 1.2,1197,Yes,Manual,24719,1,Petrol,6,2
2017,Maruti,Baleno DELTA PETROL 1.2,1197,Yes,Manual,89264,1,Petrol,0,0
2019,Maruti,Alto LXI,796,Yes,Manual,57555,2,Petrol,2,2
2021,Maruti,Ciaz ALPHA 1.5 SHVS PETROL,1462,Yes,Manual,28610,1,Petrol,3,4
2022,Maruti,S PRESSO VXI+,998,Yes,Manual,15847,1,Petrol,0,0
2014,Maruti,Wagon R 1.0 LXI,998,Yes,Manual,115256,1,CNG,22,6
2020,Maruti,IGNIS ALPHA 1.2,1197,No,Manual,35507,2,Petrol,0,0
2016,Maruti,Baleno DELTA PETROL 1.2,1197,Yes,Manual,59200,1,Petrol,2,6
2022,Maruti,Ciaz ALPHA AT 1.5 SHVS PETROL,1462,No,Automatic,35515,1,Petrol,21,9
2017,Maruti,Baleno ALPHA PETROL 1.2,1197,Yes,Manual,99026,3,Petrol,5,4
2022,Maruti,S PRESSO VXI,998,Yes,Manual,17426,1,Petrol,4,4
2018,Maruti,Baleno ZETA CVT PETROL 1.2,1197,No,Automatic,64827,1,Petrol,3,9
2018,Maruti,IGNIS DELTA 1.2,1197,No,Manual,94910,1,Petrol,16,0
2022,Maruti,Baleno ZETA PETROL 1.2,1197,No,Manual,35783,1,Petrol,2,1
2022,Maruti,S PRESSO VXI+,998,Yes,Manual,28393,1,Petrol,1,0
2021,Maruti,Baleno ZETA PETROL 1.2,1197,Yes,Manual,36251,1,Petrol,1,1
2020,Maruti,Baleno ZETA PETROL 1.2,1197,No,Manual,57587,1,Petrol,6,3
2020,Maruti,Baleno DELTA PETROL 1.2,1197,Yes,Manual,54733,1,Petrol,11,4
2017,Maruti,Baleno ALPHA PETROL 1.2,1197,No,Manual,73866,1,Petrol,9,10
2021,Maruti,S PRESSO VXI+,998,Yes,Manual,63516,1,Petrol,3,3
2017,Maruti,Baleno ALPHA PETROL 1.2,1197,Yes,Manual,76121,1,Petrol,6,3
2018,Maruti,Baleno DELTA CVT PETROL 1.2,1197,Yes,Automatic,104977,1,Petrol,29,3
2014,Maruti,Wagon R 1.0 LXI,998,No,Manual,53063,2,Petrol,11,5
2019,Maruti,Ciaz ALPHA AT 1.5 SHVS PETROL,1462,Yes,Automatic,86706,1,Petrol,3,3
2021,Maruti,Baleno DELTA PETROL 1.2,1197,Yes,Manual,38303,1,Petrol,4,1
2021,Maruti,Baleno DELTA PETROL 1.2,1197,No,Manual,38969,1,Petrol,4,1
2020,Maruti,Baleno ZETA PETROL 1.2,1197,No,Manual,71127,1,Petrol,15,1
2021,Maruti,Baleno ZETA PETROL 1.2,1197,Yes,Manual,23309,1,Petrol,1,0
2015,Maruti,Eeco 5 STR WITH A/C+HTR,1196,Yes,Manual,48661,1,CNG,7,1
2014,Maruti,Wagon R 1.0 LXI,998,No,Manual,45538,2,Petrol,2,0
2017,Maruti,Baleno DELTA PETROL 1.2,1197,Yes,Manual,46407,1,Petrol,11,2
2017,Maruti,Baleno DELTA PETROL 1.2,1197,No,Manual,69471,1,Petrol,5,3
2020,Maruti,Ciaz ALPHA 1.5 SHVS PETROL,1462,Yes,Manual,40753,1,Petrol,3,1
2020,Maruti,Vitara Brezza ZXI PLUS,1462,No,Manual,23702,1,Petrol,15,5
2014,Maruti,Alto K10 VXI,998,Yes,Manual,49148,1,Petrol,1,0
2023,Maruti,Alto K10 VXI,998,No,Manual,9048,1,Petrol,4,1
2017,Maruti,Alto 800 LXI,796,No,Manual,35703,2,Petrol,3,6
2017,Maruti,IGNIS ZETA 1.2 AMT,1197,Yes,Automatic,30087,1,Petrol,2,5
2016,Maruti,Baleno DELTA PETROL 1.2,1197,Yes,Manual,29235,1,Petrol,9,2
2020,Maruti,S PRESSO VXI+,998,Yes,Manual,26931,1,Petrol,2,3
2022,Maruti,Swift ZXI PLUS AMT,1197,Yes,Automatic,24102,2,Petrol,5,0
2023,Maruti,Ciaz ALPHA 1.5 SHVS PETROL,1462,Yes,Manual,8899,1,Petrol,8,0
2016,Maruti,Alto 800 LXI,796,No,Manual,68741,2,Petrol,3,5
2017,Maruti,Dzire VXI AMT,1197,Yes,Automatic,21576,1,Petrol,2,7
2021,Maruti,Ciaz ALPHA AT 1.5 SHVS PETROL,1462,Yes,Automatic,37265,1,Petrol,7,7
2018,Maruti,Baleno ZETA PETROL 1.2,1197,Yes,Manual,50480,1,Petrol,7,5
2018,Maruti,Baleno ALPHA PETROL 1.2,1197,Yes,Manual,72942,1,Petrol,4,5
2021,Maruti,Baleno DELTA PETROL 1.2,1197,No,Manual,38880,1,Petrol,2,3
2017,Maruti,IGNIS DELTA 1.2 AMT,1197,Yes,Automatic,37621,1,Petrol,5,3
2021,Maruti,Baleno DELTA PETROL 1.2,1197,Yes,Manual,12797,1,Petrol,1,0
2021,Maruti,Baleno ZETA CVT PETROL 1.2,1197,Yes,Automatic,31625,1,Petrol,7,3
2021,Maruti,Baleno DELTA PETROL 1.2,1197,Yes,Manual,11595,1,Petrol,5,0
2017,Maruti,Eeco 5 STR WITH A/C+HTR,1196,Yes,Manual,93158,1,CNG,3,2
2018,Maruti,Ertiga ZDI + SHVS,1248,Yes,Manual,67348,1,Diesel,4,0
2021,Maruti,Dzire VXI,1197,No,Manual,25625,1,Petrol,8,1
2013,Maruti,Swift Dzire VXI,1197,Yes,Manual,70348,1,Petrol,18,7
2014,Maruti,Alto K10 VXI,998,Yes,Manual,36066,2,Petrol,4,6
2019,Maruti,New Wagon-R VXI 1.0,998,Yes,Manual,53840,1,Petrol,0,0
2017,Maruti,Baleno ZETA PETROL 1.2,1197,Yes,Manual,60499,1,Petrol,26,3
2017,Maruti,Dzire VDI,1248,Yes,Manual,72753,1,Diesel,9,1
2018,Maruti,Wagon R 1.0 VXI,998,No,Manual,30552,1,Petrol,7,2
2017,Maruti,Baleno ZETA PETROL 1.2,1197,Yes,Manual,97030,1,Petrol,11,6
2016,Maruti,Celerio VXI AMT,998,Yes,Automatic,73539,2,Petrol,15,6
2018,Maruti,Ciaz ALPHA 1.5 SHVS PETROL,1462,Yes,Manual,27894,1,Petrol,17,3
2017,Maruti,Wagon R 1.0 VXI AMT,998,Yes,Automatic,19767,1,Petrol,9,1
2018,Maruti,Ciaz ZETA 1.4 AT PETROL,1373,Yes,Automatic,64686,1,Petrol,14,1
2017,Maruti,Baleno ALPHA PETROL 1.2,1197,Yes,Manual,75059,1,Petrol,5,6
2020,Maruti,Baleno ZETA PETROL 1.2,1197,No,Manual,58346,1,Petrol,1,0
2016,Maruti,Ciaz ZDI SHVS,1248,Yes,Manual,79630,1,Diesel,8,7
2021,Maruti,Swift VXI,1197,No,Manual,44299,1,Petrol,1,0
2021,Maruti,Ertiga VXI SHVS,1462,No,Manual,19901,1,Petrol,1,0
2015,Maruti,Ciaz ZXI,1373,No,Manual,50022,1,Petrol,5,2
2019,Maruti,Baleno DELTA PETROL 1.2,1197,Yes,Manual,58679,1,Petrol,24,4
2017,Maruti,Ciaz S 1.4 MT PETROL,1373,Yes,Manual,73948,2,Petrol,4,5
2012,Maruti,Wagon R 1.0 LXI,998,No,Manual,55994,1,Petrol,20,9
